Name,Region,Sector,System,Inhabitants,Capital City,Grid Coordinates
5251977,Unknown,Unknown,Unknown,Unknown,Unknown,Unknown
Aaloth,Outer Rim Territories,Gaulus sector,Unknown,Twi'leks,Unknown,Unknown
Aargonar,Unknown,Unknown,Unknown,Humans,Unknown,Unknown
Ab Dalis,Outer Rim Territories,Unknown,Ab Dalis system,Unknown,Unknown,R-17
Abafar,Outer Rim Territories,Sprizen sector,Abafar system,Various,Unknown,O-6
Abednedo,Colonies,Unknown,Unknown,Abednedo,Unknown,Unknown
Abelor,Mid Rim Territories,Unknown,Unknown,Unknown,Unknown,K-17
Abregado-rae,Core Worlds,Unknown,Abregado system,Unknown,Unknown,K-13
Absanz,Unknown,Unknown,Unknown,Unknown,Unknown,Unknown
Actlyon,Outer Rim Territories,Unknown,Unknown,Unknown,Unknown,Unknown
Adelphi,Unknown,Unknown,Adelphi system,Unknown,Unknown,Unknown
Aeos Prime,Outer Rim Territories,Unknown,Aeos system,Aeosians,Unknown,M-3
Aeten II,Wild Space,Unknown,Unknown,Unknown,Unknown,J-6
Affa,Unknown,Unknown,Unknown,Unknown,Unknown,Unknown
Affadar,Unknown,Unknown,Unknown,T'Laeem,Unknown,Unknown
Agamar,Outer Rim Territories,Unknown,Agamar system,Unknown,Unknown,M-5
Agaris,Wild Space,Unknown,Unknown,Agarian,Unknown,G-14
Agoliba-Ado,Unknown,Unknown,Agoliba-Tu system,Unknown,Unknown,K-3
Agoliba-Ena,Unknown,Unknown,Agoliba-Tu system,Unknown,Unknown,K-3
Ahch-To,Unknown Regions,Unknown,Ahch-To system,"Human, Lanai",Unknown,F-13
Ajara,Outer Rim Territories,Cademimu sector,Unknown,Unknown,Unknown,L-5
Akiva,Outer Rim Territories,Unknown,Unknown,"Ahia-Ko, Uugteen",Myrra,O-6
Alaris,Mid Rim Territories,Mytaranor sector,Kashyyyk system,Unknown,Unknown,P-9
Alderaan,Core Worlds,Alderaan sector,Alderaan system,Humans,Aldera,M-10
Aldhani,Unknown,Unknown,Unknown,Humans (Dhani),Unknown,Unknown
Aleen,Mid Rim Territories,Bright Jewel sector,Aleen system,"Aleena, Kindalo",Unknown,L-7
Aleen Minor,Mid Rim Territories,Bright Jewel sector,Aleen system,Aleena,Unknown,Unknown
Allst Prime,Unknown,Unknown,Unknown,Unknown,Unknown,Unknown
Aloxl,Deep Core,Unknown,Unknown,Unknown,Unknown,Unknown
Aloxor,Mid Rim Territories,Esaga sector,Aloxor system,Unknown,Unknown,R-11
Alpinn,Outer Rim Territories,Unknown,Unknown,Unknown,Unknown,N-4
Alun,Mid Rim Territories,Unknown,Unknown,Unknown,Unknown,Unknown
Alzoc III,Outer Rim Territories,Sujimis sector,Unknown,Talz,Unknown,P-19
Ambria,Inner Rim Territories,Unknown,Unknown,Unknown,Unknown,O-10
Amethia Prime,Inner Rim Territories,Unknown,Unknown,Unknown,Unknown,Unknown
Ammon IV,Outer Rim Territories,Unknown,Unknown,Unknown,Unknown,Unknown
Ammuud,Outer Rim Territories,Corporate Sector,Unknown,Unknown,Unknown,Unknown
Anantapar,Outer Rim Territories,Anoat sector,Unknown,Unknown,Unknown,Unknown
Anaxes,Core Worlds,Azure sector,Azure system,Unknown,Unknown,R-7
Andelm IV,Outer Rim Territories,Unknown,Unknown,Various,Unknown,O-19
Ando,Mid Rim Territories,Lambda sector,Ando system,Aqualish,Unknown,Q-15
Ando Prime,Unknown,Unknown,Unknown,Unknown,Unknown,Unknown
Anelsana,Unknown,Unknown,Unknown,Unknown,Unknown,Unknown
Ankhural,Mid Rim Territories,Unknown,Unknown,Unknown,Unknown,R-9
Anoat,Outer Rim Territories,Anoat sector,Anoat system,Unknown,Unknown,Unknown
Ansion,Mid Rim Territories,Unknown,Unknown,Unknown,Unknown,I-6
Antar,Inner Rim Territories,Unknown,Unknown,Unknown,Unknown,N-12
Anthan Prime,Outer Rim Territories,Albarrio sector,Anthan system,Various,Unknown,K-3
Aquaris,Expansion Region,Unknown,Unknown,Unknown,Unknown,N-7
Aq Vetina,Unknown,Unknown,Unknown,Unknown,Unknown,Unknown
Arbiflux,Outer Rim Territories,Unknown,Unknown,Unknown,Unknown,L-3
Arbooine,Outer Rim Territories,Unknown,Unknown,Sathari,Unknown,Unknown
Arbra,Outer Rim Territories,Bon'nyuw-Luq sector,Unknown,Unknown,Unknown,N-17
Argai Minor,Unknown,Unknown,Unknown,Unknown,Unknown,Unknown
Aria Prime,Unknown,Unknown,Unknown,Unknown,Unknown,Unknown
Aridus,Expansion Region,Unknown,Unknown,Unknown,Unknown,O-14
Arieli,Unknown,Unknown,Unknown,Unknown,Unknown,Unknown
Arkania,Colonies,Unknown,Unknown,Arkanian,Unknown,M-8
Arkanis,Outer Rim Territories,Arkanis sector,Arkanis system,Humans,Unknown,R-17
Aris,Unknown,Unknown,Unknown,Humans,Unknown,Unknown
Arreyel,Inner Rim Territories,Unknown,Unknown,Unknown,Unknown
Artiod Minor,Wild Space,Morellian Commonwealth,Artiod system,Artiodacs,Unknown,S-3
Arvala-7,Unknown,Unknown,Unknown,Unknown,Unknown,Unknown
Ashas Ree,Outer Rim Territories,Unknown,Unknown,Unknown,Unknown,R-5
Askaji,Outer Rim Territories,Unknown,Unknown,Askajian,Unknown,M-20
Asmeru,Mid Rim Territories,Senex sector,Unknown,Unknown,Unknown,Unknown
Asusto,Outer Rim Territories,Unknown,Unknown,Unknown,Unknown,P-5
Athulla,Core Worlds,Unknown,Jinata system,Unknown,Unknown,Unknown
Atollon,Outer Rim Territories,Lothal sector,Atollon system,Unknown,Unknown,Unknown
Atraken,Unknown,Unknown,Unknown,Unknown,Unknown,Unknown
Atterra Alpha,Outer Rim Territories,Unknown,Atterra system,Unknown,Unknown,Unknown
Atterra Bravo,Outer Rim Territories,Unknown,Atterra system,Humans (Atterran),Unknown,Unknown
Atterra Primo,Outer Rim Territories,Unknown,Atterra system,Unknown,Unknown,Unknown
Auratera,Outer Rim Territories,Vorzyd sector,Auratera system,Various,Unknown,Unknown
Avedot,Colonies,Unknown,Unknown,Unknown,Unknown,L-8
Avidich,Unknown Regions,Unknown,Unknown,Unknown,Unknown,Unknown
Axxila,Outer Rim Territories,Unknown,Unknown,Humans,Unknown,O-5
Bakura,Wild Space,Unknown,Unknown,Unknown,Salis D'aar,G-16
Balnab,Mid Rim Territories,Unknown,Unknown,Balnab (stranded),Unknown,Unknown
Balosar,Core Worlds,Unknown,Unknown,Balosar,Unknown,L-12
Bamayar,Mid Rim Territories,Unknown,Unknown,Unknown,Unknown,Unknown
Bamayar IX,Unknown,Unknown,Unknown,Unknown,Unknown,Unknown
Banas,Outer Rim Territories,Unidentified sector,Unidentified system,Unidentified species,Unknown,Unknown
Banchii,Outer Rim Territories,Unknown,Inugg system,Banchiian,Unknown,K-19
B'ankora homeworld,Unknown,Unknown,Unknown,B'ankora,Unknown,Unknown
Baraan-Fa,Outer Rim Territories,Unknown,Unknown,Humans,Unknown,N-17
Barab I,Outer Rim Territories,Unknown,Unknown,Barabel,Unknown,U-12
Bardelberan 7,Mid Rim Territories,Unknown,Unknown,Unknown,Unknown,J-6
Bardotta,Colonies,Shasos sector,Bardotta system,Bardottans,Bardotta Capital City,K-13
Bar'leth,Core Worlds,Unknown,Unknown,Humans,Unknown,M-10
Bartokan V,Unknown,Unknown,Unknown,Bonbrak,Unknown,Unknown
Bastatha,Inner Rim Territories,Unknown,Bastatha system,Niktos,Unknown,N-10
Basteel,Outer Rim Territories,Corva sector,Unknown,Unknown,Unknown,P-3
Bastion,Outer Rim Territories,Unknown,Unknown,Unknown,Unknown,K-3
Batonn,Outer Rim Territories,Batonn sector,Batonn system,Unknown,Unknown,Unknown
Batuu,Outer Rim Territories,Trilon sector,Batuu system,Various,Unknown,G-15
Batuv,Expansion Region,Unknown,Unknown,Unknown,Unknown,P-12
Bavva,Outer Rim Territories,Anoat sector,Unknown,Unknown,Unknown,Unknown
Bedlam,Unknown,Unknown,Unknown,Unknown,Unknown,Unknown
Begamor,Outer Rim Territories,Unknown,Unknown,Various,Green Dawn,M-5
Behpour,Mid Rim Territories,Chommell sector,Unknown,Unknown,Unknown,Unknown
Belderone,Outer Rim Territories,Unknown,Belderone system,Unknown,Unknown,R-6
Bendeluum,Outer Rim Territories,Anoat sector,Unknown,Unknown,Unknown,Unknown
Benetage,Outer Rim Territories,Unknown,Unknown,Unknown,Unknown,Unknown
Benglor,Unknown,Unknown,Unknown,Unknown,Unknown,Unknown
Bernilla,Inner Rim Territories,Unknown,Unknown,Unknown,Unknown,L-14
Berzite,Outer Rim Territories,Unknown,Yost system,Unknown,Unknown,U-8
Bespin,Outer Rim Territories,Anoat sector,Bespin system,"Humans, Ugnaughts",Unknown,K-18
Bestine IV,Inner Rim Territories,Unknown,Unknown,Unknown,Unknown,M-14
Bestoon,Unknown,Unknown,Unknown,Unknown,Unknown,Unknown
Bilzen,Unknown,Unknown,Unknown,Unknown,Unknown,Unknown
Birren,Inner Rim Territories,Unknown,Unknown,Unknown,Unknown,O-10
Birukay,Outer Rim Territories,Unknown,Unknown,Unknown,Unknown,Unknown
Bith,Outer Rim Territories,Unknown,Unknown,Bith,Unknown,M-18
Bleuf,Core Worlds,Unknown,Unknown,Unknown,Unknown,Unknown
Blutopia,Expansion Region,Unknown,Unknown,Blutopians,Unknown,K-16
Bogano,Outer Rim Territories,Unknown,Unknown,"Humans, Zeffo",Unknown,N-3
Bora Vio,Unknown,Unknown,Lido system,Unknown,Unknown,Unknown
Bormus,Mid Rim Territories,Unknown,Unknown,Unknown,Unknown,Unknown
Botajef,Outer Rim Territories,Belsmuth sector,Botajef system,Jefi,Unknown,O-6
Bothawui,Mid Rim Territories,Bothan Space,Unknown,Unknown,Unknown,R-14
Botor,Core Worlds,Unknown,Unknown,Lo's species,Unknown,K-12
Boz Pity,Mid Rim Territories,Unknown,Boz Pity system,Unknown,Unknown,S-9
Bracca,Mid Rim Territories,Unknown,Bracca system,Unknown,Unknown,P-9
Bray,Unknown,Unknown,Unknown,Brayan,Unknown,Unknown
Brentaal IV,Core Worlds,Bormea sector,Unknown,"Herglics,",Unknown,L-9
Bri'n,Unknown,Unknown,Unknown,Unknown,Unknown,Unknown
Bromlarch,Mid Rim Territories,Unknown,Unknown,Unknown,Unknown,Unknown
Burnin Konn,Outer Rim Territories,Anoat sector,Burnin Konn system,"Humans, Nothoiins",Unknown,Unknown
Byss,Deep Core,Unknown,Unknown,Unknown,Unknown,K-11
Cabarria,Colonies,Unknown,Unknown,Unknown,Unknown,M-13
Cadomai Prime,Outer Rim Territories,Unknown,Unknown,Snivvian,Unknown,R-3
Calcoraan,Inner Rim Territories,Unknown,Calcoraan system,Unknown,Unknown,Unknown
Calior,Outer Rim Territories,Unknown,Unknown,Unknown,Unknown,Unknown
Caloria,Unknown,Tapani sector,Unknown,Unknown,Unknown,Unknown
Camson,Unknown,Unknown,Unknown,Unknown,Unknown,Unknown
Candovant,Colonies,Unknown,Unknown,Unknown,Unknown,N-12
Cantonica,Outer Rim Territories,Corporate Sector,Cantonica system,Various,Canto Bight,Unknown
Caragon-Viner,Unknown,Unknown,Unknown,Unknown,Unknown,Unknown
Carajam,Outer Rim Territories,Unknown,Unknown,Unknown,Unknown,Unknown
Cardota,Core Worlds,Unknown,Hosnian system,Unknown,Unknown,M-12
Carida,Colonies,Unknown,Carida system,Unknown,Unknown,M-9
Carlac,Outer Rim Territories,Unknown,Carlac system,Humans (Ming Po),Unknown,K-5
Carnelion IV,Unknown,Unknown,Unknown,"Fishers,",Unknown,Unknown
Castell,Colonies,Unknown,Castell system,"Gossams,",Unknown,M-9
Castilon,Mid Rim Territories,Tashtor sector,Castilon system,Chelidae,Unknown,I-16
Catadra,Deep Core,Unknown,Cerberon system,Unknown,Unknown,Unknown
Cato Neimoidia,Colonies,Quellor sector,Cato Neimoidia system,Neimoidians,Zarra,N-11
Cavas,Core Worlds,Bormea sector,Brentaal System,Unknown,Unknown,Unknown
Celwis,Unknown Regions,Unknown,Celwis system,Unknown,Unknown,Unknown
Cerea,Mid Rim Territories,Unknown,Unknown,Cerean,Unknown,I-16
Cermau,Outer Rim Territories,Unknown,Unknown,Unknown,Unknown,H-16
CeSai,Unknown,Unknown,Unknown,Unknown,Unknown,Unknown
Chaaktil,Inner Rim Territories,Unknown,Unknown,Humans,Unknown,L-14
Chad,Outer Rim Territories,Unknown,Unknown,Chadra-Fan,Unknown,R-7
Chadawa,Inner Rim Territories,Croynar sector,Chadawa system,Unknown,Unknown,N-14
Chagar IX,Outer Rim Territories,Unknown,Unknown,Unknown,Unknown,O-19
Chal Hudda,Outer Rim Territories,Unknown,Unknown,Chalhuddan,Unknown,Unknown
Chalacta,Mid Rim Territories,Unknown,Unknown,Chalactans,Unknown,R-10
Champala,Inner Rim Territories,Unknown,Unknown,Chagrians,Tidros,L-8
Chandar's Folly,Outer Rim Territories,Unknown,Unknown,Unknown,Unknown,J-20
Chandel,Unknown,Unknown,Unknown,Unknown,Unknown,Unknown
Chandrila,Core Worlds,Bormea sector,Chandrila system,"Humans,",Hanna City,L-9
Charros IV,"Outer Rim Territories,",Unknown,Unknown,Unknown,Unknown,R-9
Chasmeene,Unknown,Unknown,Unknown,Unknown,Unknown,Unknown
Chespea,Unknown,Unknown,Unknown,Unknown,Unknown,Unknown
Chibbier,Outer Rim Territories,Unknown,Unknown,Unknown,Unknown,I-17
Cholganna,Outer Rim Territories,Unknown,Unknown,Unknown,Unknown,T-5
Chommell Minor,Mid Rim Territories,Chommell sector,Unknown,Unknown,Unknown,Unknown
Chorin,Unknown,Unknown,Unknown,Humans,Unknown,Unknown
Choss,Unknown,Unknown,Unknown,Unknown,Unknown,Unknown
Christophsis,Outer Rim Territories,Savareen sector,Christoph system,Unknown,Unknown,Q-16
Chrona,Unknown,Unknown,Unknown,Unknown,Unknown,Unknown
Cianap,Unknown,Unknown,Unknown,Unknown,Unknown,Unknown
Clerion,Unknown,Unknown,Unknown,None,Unknown,Unknown
Codia I,Mid Rim Territories,Unknown,Codia system,Unknown,Unknown,H-15
Colla IV,Inner Rim Territories,Unknown,Unknown,Colicoid,Unknown,N-9
Colonial Station Camco,Unknown Regions,Unknown,Unknown,Unknown,Unknown,Unknown
Commenor,Colonies,Unknown,Unknown,Unknown,Unknown,N-10
Cona,Inner Rim Territories,Unknown,Unknown,Arcona,Unknown,O-11
Concord Dawn,Outer Rim Territories,Mandalore sector,Concord Dawn system,Humans,Unknown,P-7
The Contessa's homeworld,Unknown,Unknown,Unknown,Humans,Unknown,Unknown
Corellia,Core Worlds,Corellian sector,Corellia system,"Humans (Corellian),",Coronet City,M-11
Corulag,Core Worlds,Unknown,Unknown,Humans,Unknown,L-9
Coruscant,Core Worlds,"Corusca sector, Coruscant subsector",Coruscant system,Various,Galactic City,L-9
Corvus,Outer Rim Territories,Unknown,Unknown,Unknown,Calodan,Unknown
Cos Secundu,Deep Core,Cosian Space,Unknown,Nu-Cosian,Unknown,Unknown
Cosia,Deep Core,Cosian Space,Cosia system,Cosian,Unknown,M-11
Cosmatanic Steppes gas giant,Outer Rim Territories,Unknown,Unknown,Unknown,Unknown,Unknown
Council,Outer Rim Territories,Anoat sector,Unknown,Unknown,Unknown,Unknown
Courtsilius,Core Worlds,Unknown,Hosnian system,Unknown,Unknown,M-12
Coyerti,Mid Rim Territories,Unknown,Unknown,Coyerti,Unknown,Unknown
Crait,Outer Rim Territories,Unknown,Crait system,Unknown,Unknown,N-17
Crucival,Outer Rim Territories,Tion Hegemony,Unknown,Unknown,Unknown,S-6
Crul,Mid Rim Territories,Unknown,Unknown,"Crolutes, Gilliands",Unknown,Unknown
Csilla,Unknown Regions,Unknown,Csilla system,Chiss,Csaplar,F-8
Cuyacan,Expansion Region,Unknown,Unknown,Unknown,Unknown,P-13
Cyclor,Mid Rim Territories,Unknown,Unknown,Cyclorrians,Unknown,N-17
Cyphar,Mid Rim Territories,Unknown,Unknown,Cyphari,Unknown,L-17
Cyrillia,Expansion Region,Unknown,Unknown,Unknown,Unknown,O-12
Cyrkon,Outer Rim Territories,Unknown,Unknown,Unknown,Motok,T-13
Czerialus,Unknown,Unknown,Unknown,Czerialan,Unknown,Unknown
Daghee,Unknown,Unknown,Unknown,Humans,Unknown,Unknown
Dagobah,Outer Rim Territories,Sluis sector,Dagobah system,Tash,Unknown,M-19
Daivak,Outer Rim Territories,Unknown,Unknown,Unknown,Unknown,Unknown
Daiyu,Unknown,Unknown,Unknown,Unknown,Unknown,Unknown
Dallenor,Mid Rim Territories,Unknown,Unknown,Unknown,Unknown,Unknown
Dalna,Outer Rim Territories,Dalnan sector,Unknown,Various,Saludad,I-19
Damanos,Unknown,Unknown,Unknown,Unknown,Unknown,Unknown
Dandoran,Hutt Space,Unknown,Doran system,Unknown,Unknown
Dantooine,Outer Rim Territories,Raioballo sector,Dantooine system,Humans,Unknown,L-4
Darlyn Boda,Outer Rim Territories,Anoat sector,Unknown,Unknown,Unknown,Unknown
Daro,Outer Rim Territories,Unknown,Unknown,Unknown,Unknown,N-6
Dasoor,Mid Rim Territories,Unknown,Unknown,Unknown,Unknown,Unknown
Dathomir,Outer Rim Territories,Quelli sector,Dathomir system,"Fromprath (later exiled),",Unknown,O-6
Davnar II,Core Worlds,Unknown,Unknown,Unknown,Unknown,K-9
Daxam IV,Outer Rim Territories,Unknown,Unknown,Unknown,Unknown,N-18
Daxan Beta,Unknown,Unknown,Unknown,Unknown,Unknown,Unknown
The Deep,Unknown Regions,Unknown,Unknown,Tectozin,Unknown,Unknown
Deko Neimoidia,Colonies,Unknown,Unknown,Unknown,Unknown,Unknown
Delphon,Outer Rim Territories,Anoat sector,Unknown,Unknown,Unknown,Unknown
Delrian Prison Planet,Unknown,Unknown,Unknown,Unknown,Unknown,Unknown
Demir,Unknown Regions,Unknown,Unknown,Demirians,Unknown,G-6
Denash,Outer Rim Territories,Batonn sector,Unknown,Unknown,Unknown,Unknown
Denon,Inner Rim Territories,Unknown,Denon system,Humans,Unknown,N-13
Deris-plata,Unknown,Unknown,Unknown,Unknown,Unknown,Unknown
Dermos,Outer Rim Territories,Unknown,Unknown,Unknown,Unknown,Unknown
Desinta,Outer Rim Territories,Unknown,Unknown,Unknown,Unknown,Unknown
Devalok,Unknown,Unknown,Unknown,Unknown,Unknown,Unknown
Devaron,Colonies,Duluur sector,Devaron system,Devaronians,Montellian Serat,M-13
Dhandu,Expansion Region,Unknown,Unknown,Unknown,Unknown,I-8
Dianth,Unknown,Unknown,Malitoris system,Unknown,Unknown,Unknown
Dinwa Prime,Inner Rim Territories,Unknown,Unknown,Unknown,Unknown,L-8
Dinzo,Mid Rim Territories,Unknown,Unknown,Unknown,Unknown,Unknown
Distilon,Unknown,Unknown,Unknown,Unknown,Unknown,Unknown
Dol'har Hyde,Outer Rim Territories,Unknown,Unknown,Unknown,Unknown,Unknown
Donovia,Unknown,Unknown,Unknown,Unknown,Unknown,Unknown
Dorin,Expansion Region,Unknown,Unknown,Kel Dor,Unknown,J-8
Dotharian,Hutt Space,Unknown,Unknown,Unknown,Unknown,S-12
Dowut,Core Worlds,Unknown,Unknown,Dowutin,Unknown,J-12
D'Qar,Outer Rim Territories,Sanbra sector,Ileenium system,Unknown,Unknown,O-17
Drahgor III,Outer Rim Territories,Unknown,Unknown,Gozzo,Unknown,S-4
Durkteel,Mid Rim Territories,Unknown,Durkteel system,Saurins,Unknown,Unknown
Duro,Core Worlds,Unknown,Unknown,Duros,Unknown,M-11
Dwartii,Inner Rim Territories,Unknown,Unknown,Unknown,Unknown,N-8
Dybbron III,Unknown,Unknown,Unknown,Unknown,Unknown,Unknown
Dybrin,Deep Core,Unknown,Unknown,Unknown,Unknown,L-12
Eadu,Outer Rim Territories,Bheriz sector,Eadu system,Humans,Unknown,U-10
Earth,Outer Rim Territories,Oplovis sector,Heaven system,Unknown,Unknown,Unknown
Edis VII,Unknown,Unknown,Unknown,Unknown,Unknown,Unknown
Egips,Unknown,Unknown,Unknown,Unknown,Unknown,Unknown
Eiram,Outer Rim Territories,Unknown,Eiram system,Humans,Unknown,Unknown
Elkeenar,Outer Rim Territories,Unknown,Penagosis system,Unknown,Unknown,Unknown
Elom,Outer Rim Territories,Unknown,Unknown,"Elom,",Unknown,R-5
Elphrona,Outer Rim Territories,Unknown,Elphrona system,Unknown,Unknown,I-17
Empress Teta,Deep Core,Koros sector,Empress Teta system,Various,Cinnagar,L-10
Endor,Outer Rim Territories,Moddell sector,Endor system,Unknown,Unknown,H-16
Ephemera,Inner Rim Territories,Unknown,Unknown,Unknown,Unknown,J-14
Epiphany,Outer Rim Territories,Corporate Sector,Salient system,Unknown,Unknown,R-3
Eriadu,Outer Rim Territories,Seswenna sector,Eriadu system,"Humans, Rodians",Eriadu City,M-18
Er'Kit,Outer Rim Territories,Unknown,Unknown,Er'Kit,Unknown,M-6
E'ronoh,Outer Rim Territories,Unknown,Eiram system,Pantorans,Unknown,I-19
Eroudac,Mid Rim Territories,Unknown,Unknown,Unknown,Unknown,P-15
Ertegas,Outer Rim Territories,Anoat sector,Unknown,Unknown,Unknown,Unknown
Escarte,Unknown,Unknown,Unknown,Unknown,Unknown,Unknown
Eshan,Unknown,Unknown,Unknown,Humans,Unknown,Unknown
Espinar,Core Worlds,Unknown,Unknown,Unknown,Unknown,K-9
Espirion,Inner Rim Territories,Unknown,Unknown,"Alder-Espirions, Espirions",Unknown,N-12
Esseles,Unknown,Unknown,Unknown,Unknown,Unknown,Unknown
Etai,Mid Rim Territories,Unknown,Unknown,Unknown,Unknown,Unknown
Etti IV,Unknown,Unknown,Unknown,Unknown,Unknown,Unknown
Eufornis Major,Core Worlds,Unknown,Unknown,Various,Unknown,Unknown
Eufornis Minor,Outer Rim Territories,Unknown,Unknown,Humans,Unknown,Unknown
Everon,Unknown,Unknown,Unknown,Evereni,Unknown,Unknown
Exegol,Unknown Regions,Unknown,Exegol system,Unknown,Unknown,F-7
Ezaraa,Unknown,Unknown,Unknown,Ezaraa,Unknown,Unknown
Falleen,Mid Rim Territories,Unknown,Unknown,Falleen,Unknown,P-15
Farana,Wild Space,Unknown,Unknown,Unknown,Unknown,S-3
Farhava Beta,Unknown,Unknown,Unknown,Unknown,Unknown,Unknown
Fedalle,Core Worlds,Unknown,Unknown,Unknown,Unknown,M-10
Fedovoi End,Unknown,Unknown,Unknown,Unknown,Unknown,M-14
Feenix,Unknown,Unknown,Unknown,Unknown,Unknown,Unknown
Felucia,Outer Rim Territories,Thanium sector,Felucia system,"Felucians,",Unknown,R-6
Fermic,Outer Rim Territories,Unknown,Unknown,Unknown,Unknown,Unknown
Ferrix,Unknown,Free Trade sector,Morlani system,Various,Unknown,Unknown
Fest,Outer Rim Territories,Atrivis sector,Unknown,Humans,Unknown,Unknown
Fillithar,Unknown,Unknown,Unknown,Fillithar,Unknown,Unknown
Florrum,Outer Rim Territories,Sertar sector,Unknown,Various,Unknown,R-5
Fondor,Colonies,Unknown,Unknown,Unknown,Unknown,L-13
Foran Tutha,Outer Rim Territories,Tion Cluster,Unknown,Unknown,Unknown,Unknown
Forrn,Unknown,Unknown,Unknown,Unknown,Unknown,Unknown
Freerock,Outer Rim Territories,Unknown,Unknown,Unknown,Unknown,H-13
Fresia,Unknown,Unknown,Unknown,Unknown,Unknown,Unknown
Frezno,Unknown,Unknown,Unknown,Unknown,Unknown,Unknown
Frong,Outer Rim Territories,Unknown,Unknown,Frong,Unknown,Unknown
Gaaten,Unknown,Unknown,Unknown,Unknown,Unknown,Unknown
Gabdor,Unknown,Unknown,Unknown,Gabdorin,Unknown,Unknown
Gabredor III,Unknown,Unknown,Unknown,Unknown,Unknown,Unknown
Galaan,Outer Rim Territories,Corva sector,Galaan system,Unknown,Unknown,P-4
Galagolos V,Colonies,Unknown,Unknown,Cloddogran,Unknown,J-9
Galator III,Unknown,Unknown,Unknown,Unknown,Unknown,Unknown
Galdi,Unknown,Unknown,Unknown,Unknown,Unknown,Unknown
Galidraan,Outer Rim Territories,Unknown,Galidraan system,Unknown,Unknown,R-6
Galidraan III,Outer Rim Territories,Unknown,Galidraan system,Unknown,Unknown,Unknown
Galidraan IV,Outer Rim Territories,Unknown,Galidraan system,Unknown,Unknown,Unknown
Galmerah,Unknown,Unknown,Unknown,Unknown,Unknown,Unknown
Galpos II,Unknown,Unknown,Unknown,Unknown,Unknown,Unknown
Galzez,Unknown,Unknown,Unknown,Dugs,Unknown,Unknown
Gamerong,Unknown,Unknown,Unknown,Unknown,Unknown,Unknown
Gamorr,Outer Rim Territories,Galov sector,Unknown,Gamorreans,Unknown,T-14
Gan Moradir,Mid Rim Territories,Unknown,Unknown,Xan,Unknown,Unknown
Gand,Outer Rim Territories,Unknown,Unknown,Gand,Unknown,T-8
Gannaria,Outer Rim Territories,Trilon sector,Unknown,Unknown,Unknown,H-15
Ganthel,Core Worlds,Unknown,Unknown,Humans,Unknown,L-9
Garel,Outer Rim Territories,Lothal sector,Garel system,"Bith,",Unknown,U-7
Gargon,Unknown,Unknown,Unknown,Unknown,Unknown,Unknown
Gatalenta,Core Worlds,Unknown,Unknown,Humans,Unknown,M-10
Gazian,Mid Rim Territories,Unknown,Gazian system,Unknown,Unknown,Unknown
Gentes,Outer Rim Territories,Anoat sector,Unknown,Ugnaughts,Unknown,Unknown
Geonosis,Outer Rim Territories,Arkanis sector,Geonosis system,Geonosians,Stalgasin hive,R-16
Geptish,Unknown,Unknown,Unknown,Unknown,Unknown,Unknown
Gerrenthum,Outer Rim Territories,Anoat sector,Gerrenthum system,Unknown,Unknown,K-18
Gesaral Beta,Unknown,Unknown,Unknown,Unknown,Unknown,Unknown
GH-531,Unknown Regions,Unknown,Unknown,Unknown,Unknown,Unknown
Ghorman,Colonies,Unknown,Unknown,Unknown,Unknown,L-13
Giermos,Unknown,Unknown,Unknown,Unknown,Unknown,Unknown
Gigor,Outer Rim Territories,Tynquay sector,Unknown,Gigorans,Unknown,R-4
Giju,Colonies,Unknown,Unknown,Unknown,Unknown,L-13
Gilvaanen,Inner Rim Territories,Unknown,Unknown,Ithorians,Unknown,Unknown
Glee Anselm,Mid Rim Territories,Unknown,Jalor system,Anselmi,Unknown,J-7
Gloam,Unknown,Unknown,Unknown,Unknown,Unknown,Unknown
Gonda,Outer Rim Territories,Unknown,Unknown,Unknown,Unknown,N-18
Gorse,Inner Rim Territories,Unknown,Gorse system,Various,Unknown,O-10
Gossam,Unknown,Unknown,Unknown,Unknown,Unknown,Unknown
Graf-World,Wild Space,Unknown,Unknown,Unknown,Unknown,Unknown
Grange,Mid Rim Territories,Rocantor sector,Unknown,Humans,Unknown,Q-11
Gravlex Med,Outer Rim Territories,Unknown,Unknown,Anx,Ozlyn Gox,L-4
Grizmallt,Core Worlds,Unknown,Unknown,Humans,Unknown,Unknown
Guagenia,Inner Rim Territories,Guagenian sector,Unknown,Unknown,Unknown,J-14
Guat'a,Outer Rim Territories,Unknown,Unknown,Unknown,Unknown,P-19
GUHL-JO387O,Outer Rim Territories,Unknown,Unknown,Unknown,Unknown,Unknown
Gulhadar,Unknown,Unknown,Unknown,Unknown,Unknown,Unknown
Gutretee,Outer Rim Territories,Anoat sector,Unknown,Unknown,Unknown,Unknown
Gwongdeen,Colonies,Unknown,Unknown,Unknown,Unknown,J-9
Gyndine,Expansion Region,Circarpous sector,Unknown,Unknown,Unknown,O-12
Hadros,Outer Rim Territories,Unknown,Unknown,Unknown,Unknown,Unknown
Haidoral Prime,Mid Rim Territories,Kontahr sector,Unknown,Unknown,Unknown,R-10
Haileap,Outer Rim Territories,Dalnan sector,Haileap system,Unknown,Unknown,Unknown
Halcyon,Colonies,Unknown,Unknown,Unknown,Unknown,Unknown
Haneli,Expansion Region,Unknown,Unknown,Unknown,Unknown,Unknown
Harkrova I,Unknown,Unknown,Harkrova system,Unknown,Unknown,N-9
Harloff Minor,Core Worlds,Unknown,Unknown,Unknown,Unknown,Unknown
Haruun Kal,Mid Rim Territories,Unknown,Unknown,"Humans,",Unknown,M-17
Hays Major,Outer Rim Territories,Unknown,Otomok system,Unknown,Unknown,K-6
Hays Minor,Outer Rim Territories,Unknown,Otomok system,Unknown,Unknown,K-6
Hebekrr Major,Outer Rim Territories,Unknown,Hebekrr system,None,Unknown,N-7
Hebekrr Minor,Outer Rim Territories,Unknown,Hebekrr system,Unknown,Hebekrr Minor's main city,N-7
Hetzal Prime,Outer Rim Territories,Unknown,Hetzal system,Unknown,Aguirre City,Q-16
Hevurion,Inner Rim Territories,Unknown,Unknown,Humans,Unknown,L-8
Hinari,Outer Rim Territories,Unknown,Unknown,Unknown,Unknown,Unknown
Hindle,Core Worlds,Unknown,Unknown,Unknown,Unknown,Unknown
Hirara,Outer Rim Territories,Unknown,Five Points system,Unknown,Unknown,Unknown
Hisseen,Mid Rim Territories,Unknown,Unknown,Hisseenians,Unknown,R-15
Hissrich,Outer Rim Territories,Unknown,Unknown,Unidentified species,Unknown,R-6
Hofsgut,Unknown,Unknown,Unknown,Unknown,Unknown,Unknown
Horuz,Outer Rim Territories,Unknown,Unknown,Unknown,Unknown,L-5
Hosnian,Core Worlds,Unknown,Hosnian system,Unknown,Unknown,M-12
Hosnian Prime,Core Worlds,Unknown,Hosnian system,Humans,Republic City,M-12
Hosra,Outer Rim Territories,Anoat sector,Burnin Konn system,Unknown,Unknown,Unknown
Hoth,Outer Rim Territories,Anoat sector,Hoth system,Various,Unknown,K-18
Hovun IV,Expansion Region,Unknown,Unidentified system,Various,Unknown,P-13
Hoxim,Unknown Regions,Unknown,Unknown,Unknown,Unknown,Unknown
Hudalla,Unknown,Unknown,Hudalla system,Unknown,Unknown,Unknown
Huk,Wild Space,Huk sector,Unknown,Yam'rii,Unknown,J-4
Humbarine,Core Worlds,Unknown,Unknown,Unknown,Unknown,M-10
Hynestia Prime,Colonies,Unknown,Unknown,Humans (Hynestians),Unknown,J-13
Hyperkarn,Outer Rim Territories,Unknown,Unknown,Unknown,Unknown,Unknown
Hypori,Outer Rim Territories,Unknown,Unknown,Unknown,Unknown,S-16
Iakar,Outer Rim Territories,Unknown,Iakar system,Iakaru,Unknown,N-20
Ibaar,Outer Rim Territories,Unknown,Unknown,Various,Unknown,T-8
Iego,Outer Rim Territories,Ash Worlds,Unknown,Various,Unknown,T-7
Ikkrukk,Mid Rim Territories,Unknown,Unknown,Ikkrukkians,Unknown,P-17
Iktotchon,Expansion Region,Narvath sector,Iktotch system,Unknown,Unknown,O-14
Iloh,Inner Rim Territories,Unknown,Unknown,Humans,Unknown,N-9
Ilum,Unknown Regions,7G sector,Ilum system,Unknown,Unknown,G-7
Imroosia,Inner Rim Territories,Unknown,Unknown,Imroosian,Unknown,N-9
Imvur,Unknown,Unknown,Hasmir system,Unknown,Unknown,Unknown
Indoumodo,Wild Space,Unknown,Unknown,Unknown,Unknown,Unknown
Insk,Unknown,Unknown,Unknown,Unknown,Unknown,Unknown
Inusagi,Mid Rim Territories,Unknown,Unknown,"Humans, Rayeth",Inusagi's capital city,O-16
Ione,Outer Rim Territories,Anoat sector,Ione system,Unknown,Unknown,Unknown
Irff,Unknown,Unknown,Unknown,Unknown,Unknown,Unknown
Iridonia,Mid Rim Territories,Unknown,Unknown,Zabraks,Unknown,J-7
Irudiru,Wild Space,Unknown,Irudiru system,Unknown,Unknown,S-4
Isde Naha,Outer Rim Territories,Unknown,Unknown,Unknown,Unknown,K-18
Iskalon,Mid Rim Territories,Unknown,Unknown,Unknown,Unknown,R-16
Isobe,Expansion Region,Unknown,Thustra system,Sephi,Unknown,O-7
Ison,Outer Rim Territories,Anoat sector,Ison system,Unknown,Unknown,K-18
Itapi Prime,Unknown,Unknown,Unknown,Unknown,Unknown,Unknown
Ithor,Mid Rim Territories,Unknown,Ottega system,Ithorians,Unknown,M-6
Itzeho,Outer Rim Territories,Albarrio sector,Mygeeto system,Unknown,Unknown,K-5
Ivarujar,Expansion Region,Unknown,Unknown,Unknown,Unknown,K-15
Ivera X,Unknown,Unknown,Unknown,Unknown,Unknown,Unknown
I'vorcia Prime,Outer Rim Territories,Unknown,Unknown,Unknown,Unknown,O-4
Ixilix,Unknown,Unknown,Unknown,Unknown,Unknown,Unknown
Jabiim,Outer Rim Territories,Unknown,Unknown,Unknown,Unknown,S-7
Jaelen,Unknown,Unknown,Unknown,Unknown,Unknown,Unknown
Jafan,Mid Rim Territories,Chommell sector,Unknown,Jafani,Unknown,Unknown
Jaguada,Unknown,Unknown,Unknown,Unknown,Unknown,Unknown
Jakku,Inner Rim Territories,Jakku's sector,Jakku system,"Teedo, Uthuthma",Unknown,I-13
Jalindi,Outer Rim Territories,Unknown,Jalindi system,Unknown,Unknown,P-6
Jamiron,Unknown Regions,Unknown,Jamiron system,Unknown,Unknown,Unknown
Janx II,Unknown,Unknown,Unknown,Unknown,Unknown,Unknown
Japeal,Galactic Frontier,Unknown,Unknown,Various,Unknown,Unknown
Jarbanov,Expansion Region,Unknown,Junker systems,Unknown,Unknown,P-11
Jaresh,Outer Rim Territories,Corva sector,Unknown,Kyuzo,Unknown,P-4
Jaymir,Unknown,Unknown,Unknown,Humans,Unknown,Unknown
Jekara,Mid Rim Territories,Unknown,Jekara system,Unknown,Unknown,R-7
Jelucan,Outer Rim Territories,Unknown,Unknown,Unknown,Valentia,Q-4
Jeosyn,Outer Rim Territories,Unknown,Unknown,Unidentified species,Unknown,N-6
Jereth VI,Unknown,Unknown,Unknown,Unknown,Unknown,Unknown
Jestefad,Outer Rim Territories,Atravis sector,Mustafar system,Unknown,Unknown,L-19
Jeyell,Mid Rim Territories,Unknown,Unknown,Unknown,Unknown,Unknown
Jhas,Outer Rim Territories,Anoat sector,Hoth system,Unknown,Unknown,K-18
Jiruus,Unknown,Unknown,Jiruus system,Jiruusi,Unknown,Unknown
Judakann,Outer Rim Territories,Torch Nebula,Unknown,Unknown,Unknown,Unknown
K43,Wild Space,Unknown,Unknown,Unknown,Unknown,Unknown
Kalarba,Mid Rim Territories,Unknown,Unknown,Unknown,Unknown,P-15
Kadavo,Wild Space,Unknown,Kadavo system,Zygerrians,Unknown,Unknown
Kaddak,Outer Rim Territories,Unknown,Kaddak system,Unknown,Unknown,T-14
Kalee,Wild Space,Unknown,Unknown,Kaleesh,Unknown,J-4
Kalevala,Outer Rim Territories,Mandalore sector,Mandalore system,Humans,Unknown,O-7
Kalist VI,Deep Core,Unknown,Unknown,Unknown,Unknown,K-12
Kaller,Outer Rim Territories,Unknown,Kaller system,Kallerans,Unknown,K-5
Kal'Shebbol,Outer Rim Territories,Unknown,Unknown,Unknown,Unknown,M-21
Kamino,Extragalactic,Unknown,Kamino system,Kaminoans,Tipoca City,Unknown
Kanzi,Unknown,Unknown,Unknown,Unknown,Unknown,Unknown
Kardoa,Outer Rim Territories,Unknown,Unknown,Unknown,Unknown,L-5
Karfeddion,Mid Rim Territories,Senex sector,Unknown,Unknown,Unknown,L-18
Karkaris,Outer Rim Territories,Nilgaard sector,Unknown,Karkarodons,Unknown,S-5
Karlinus,Mid Rim Territories,Chommell sector,Unknown,"Humans, Rodians",Unknown,Unknown
Karolia,Outer Rim Territories,Unknown,Belderone system,Unknown,Unknown,Unknown
Kashyyyk,Mid Rim Territories,Mytaranor sector,Kashyyyk system,Wookiees,Kachirho,P-9
Keitum,Mid Rim Territories,Unknown,Unknown,Unknown,Unknown,J-6
Kellux,Unknown,Unknown,Kellux system,Unknown,Unknown,Unknown
Kenari,Mid Rim Territories,Unknown,Kenari system,Unknown,Unknown,Unknown
Kerev Doi,Expansion Region,Unknown,Unknown,"Bodach'i, Humans",Unknown,O-12
Kergans,Unknown,Unknown,Unknown,Zeltrons,Unknown,Unknown
Kerkoidia,Expansion Region,Unknown,Kerkoidia system,Kerkoidens,Unknown,N-15
Kessel,Outer Rim Territories,Kessel sector,Kessel system,Various,Unknown,T-10
Kethmandi,Unknown,Unknown,Unknown,Unknown,Unknown,Unknown
Ketzali,Mid Rim Territories,Unknown,Unknown,Unknown,Unknown,R-13
Khomm,Deep Core,Unknown,Khomm system,Unknown,Unknown,L-12
Kidron,Unknown,Unknown,Unknown,Unknown,Unknown,Unknown
Kiffex,Inner Rim Territories,Unknown,Unknown,Kiffar,Unknown,L-14
Kiffu,Inner Rim Territories,Unknown,Unknown,Kiffar,Unknown,L-14
Kijimi,Mid Rim Territories,Bryx sector,Unknown,Unknown,Unknown,R-8
Kinoss,Unknown Regions,Kinoss system,Unknown,Unknown,Unknown,Unknown
Kinrah,Unknown,Kinrah system,Unknown,Unknown,Unknown,Unknown
Kintan,Outer Rim Territories,Unknown,Unknown,Nikto,Unknown,S-9
Kintoni,Outer Rim Territories,Unknown,Unknown,Unknown,Unknown,Unknown
Kinyen,Expansion Region,Unknown,Unknown,Gran,Unknown,L-15
Kirdo III,Outer Rim Territories,Unknown,Unknown,Kitonak,Unknown,N-19
Kirima,Mid Rim Territories,Unknown,Unknown,Unknown,Unknown,J-17
Kiros,Expansion Region,Unknown,Kiros system,Togruta,Unknown,Unknown
Kirtarkin,Outer Rim Territories,Anoat sector,Unknown,Unknown,Unknown,Unknown
Kizan,Unknown,Unknown,Unknown,Unknown,Unknown,Unknown
Klatooine,Outer Rim Territories,Unknown,Unknown,Klatooinians,Unknown,S-9
Klonoid,Unknown,Unknown,Unknown,Unknown,Unknown,Unknown
Klytus V,Wild Space,Unknown,Unknown,Unknown,Unknown,H-15
Kol Iben,Outer Rim Territories,Arkanis sector,Kol Iben system,Unknown,Unknown,Unknown
Konkiv,Unknown,Unknown,Unknown,Humans,Unknown,Unknown
Kooriva,Inner Rim Territories,Unknown,Unknown,Koorivar,Unknown,M-14
Koorivar homeworld,Unknown,Unknown,Unknown,Koorivar,Unknown,Unknown
Korrilan IV,Unknown,Unknown,Unknown,Unknown,Unknown,Unknown
Kortatka,Unknown,Unknown,Unknown,Unknown,Unknown,Unknown
Koru Neimoidia,Colonies,Unknown,Unknown,Unknown,Unknown,Unknown
Koshaga,Unknown,Unknown,Unknown,Unknown,Unknown,Unknown
Kotab,Unknown,Unknown,Unknown,Kotabi,Unknown,Unknown
Kowak,Outer Rim Territories,Sevetta sector,Kowak system,Mole-flea,Unknown,S-16
Kreeling,Mid Rim Territories,Chommell sector,Unknown,Humans,Unknown,Unknown
Kril'Dor,Mid Rim Territories,Unknown,Unknown,Unknown,Unknown,I-7
Krownest,Outer Rim Territories,Mandalore sector,New Kleyman system,Humans,Unknown,P-7
Krystar,Unknown,Unknown,Unknown,Ovissians,Unknown,Unknown
Ktath'atn,Outer Rim Territories,Unknown,Unknown,Humans,Unknown,M-4
Kuat,Core Worlds,Kuat sector,Kuat system,"Humans,",Unknown,M-10
Kubindi,Outer Rim Territories,Unknown,Ku'Bakai system,Kubaz,Unknown,T-9
Kudo,Inner Rim Territories,Corvair sector,Kudo system,Unknown,Unknown,K-14
Kullgroon,Expansion Region,Unknown,Unknown,Petrusian,Unknown,P-12
Kupoh,Mid Rim Territories,Unknown,Kupoh system,Kupohans,Unknown,R-13
Lafete,Unknown,Unknown,Unknown,Unknown,Unknown,Unknown
Lah'mu,Outer Rim Territories,Raioballo sector,Lah'mu system,Humans,Unknown,L-3
Lahn,Outer Rim Territories,Unknown,Unknown,Various,Unknown,Unknown
Langston,Unknown,Unknown,Unknown,Unknown,Unknown,Unknown
Lannik,Mid Rim Territories,Unknown,Unknown,Lanniks,Unknown,R-13
Lanteeb,Unknown,Unknown,Unknown,Unknown,Unknown,Unknown
Lanz Carpo,Core Worlds,Unknown,Unknown,Unknown,Unknown,M-11
Lasan,Outer Rim Territories,Unknown,Lasan system,Lasats,Unknown,Unknown
Lateron,Mid Rim Territories,Unknown,Unknown,Latero,Unknown,Unknown
Lechra,Unknown,Unknown,Unknown,Unknown,Unknown,Unknown
Ledalau,Unknown,Unknown,Unknown,Unknown,Unknown,Unknown
Lefrani,Outer Rim Territories,Atravis sector,Mustafar system,Unknown,Unknown,L-19
Lenahra,Unknown Regions,Unknown,Unknown,Unknown,Unknown,Unknown
Leoxo,Unknown,Unknown,Unknown,Unknown,Unknown,Unknown
Lespectus,Core Worlds,Unknown,Unknown,Moldwarp,Unknown,M-10
Lew'el,Unknown,Unknown,Unknown,Humans (Lew'elans),Unknown,Unknown
Lexrul,Mid Rim Territories,Unknown,Unknown,Humans,Unknown,Unknown
Lioaoin heartworld,Unknown Regions,Unknown,Unknown,Lioaoi,Unknown,Unknown
Lira San,Wild Space,Unknown,Lira San system,Lasats,Unknown,O-20
Li-Toran,Inner Rim Territories,Unknown,Unknown,Melittos,Unknown,M-13
Livno III,Wild Space,Unknown,Unknown,Lynna,Unknown,J-21
Llanic,Outer Rim Territories,Unknown,Llanic system,Unknown,Unknown,Q-16
Lokori,Unknown,Unknown,Unknown,Lokori,Fucallpa,Unknown
Lola Sayu,Outer Rim Territories,Belderone sector,Lola Sayu system,Unknown,Unknown,R-6
Lolet,Unknown,Unknown,Lolet system,Unknown,Unknown,Unknown
Lonera,Inner Rim Territories,Unknown,Unknown,Lonerans,Unknown,N-12
Loreth,Galactic Frontier,Unknown,Loreth system,Various,Unknown,Unknown
Lothal,Outer Rim Territories,Lothal sector,Lothal system,Various,Capital City,U-7
Lotho Minor,Outer Rim Territories,Wazta sector,Lotho Minor system,"Anacondans,",Unknown,I-17
Lowik,Unknown,Unknown,Unknown,Unknown,Unknown,Unknown
Luprora,Unknown,Unknown,Unknown,"Lupr'or, R'ora",Unknown,Unknown
Lutrillia,Outer Rim Territories,Greater Javin,Unknown,Lutrillians,Unknown,J-18
Lysatra,Expansion Region,Unknown,Unknown,Humans,Unknown,I-8
Maher,Unknown Regions,Unknown,Unknown,Unknown,Unknown,G-7
Mahranee,Mid Rim Territories,Unknown,Unknown,Mahran,Mahranee capital city,P-8
Malachor,Outer Rim Territories,Chorlian sector,Malachor system,Unknown,Unknown,S-4
Malastare,Mid Rim Territories,Dustig sector,Malastare system,Dugs,Unknown,N-16
Malathon IX,Expansion Region,Unknown,Unknown,Unknown,Unknown,Unknown
Maldo Kreis,Unknown,Unknown,Unknown,Unknown,Unknown,Unknown
Malenko,Unknown,Unknown,Unknown,Andon Host,Unknown,Unknown
Malian,Western Reaches,Unknown,Unknown,Unknown,Unknown,Unknown
Malpaz,Unknown,Unknown,Unknown,"Humans, Iktotchi, Unidentified species",Malpaz capital city,Unknown
Manaan,Inner Rim Territories,Unknown,Unknown,Selkath,Unknown,O-11
Mandalore,Outer Rim Territories,Mandalore sector,Mandalore system,Humans,"Keldabe (formerly),",O-7
Mannius Eight,Wild Space,Unknown,Unknown,Unknown,Unknown,Unknown
Manpha,Outer Rim Territories,Unknown,Unknown,Unknown,Unknown,K-20
Manress,Inner Rim Territories,Unknown,Unknown,Stokhli,Unknown,Unknown
Mapuzo,Mid Rim Territories,Unknown,Mapuzo system,Various,Unknown,Unknown
Marca,Unknown,Unknown,Unknown,Unknown,Unknown,Unknown
Mardona III,Inner Rim Territories,Unknown,Unknown,Unknown,Unknown,N-13
Maridun,Outer Rim Territories,Rolion sector,Maridun system,"Amani,",Unknown,Q-6
Marleyvane,Outer Rim Territories,Unknown,Unknown,Unknown,Unknown,T-8
Maryx Minor,Outer Rim Territories,Unknown,Unknown,Unknown,Unknown,O-19
Massoss,Unknown Regions,Unknown,Massoss system,Unknown,Unknown,Unknown
Mataou,Outer Rim Territories,Anoat sector,Mataou system,Hutts,Unknown,K-18
Mathas,Unknown,Unknown,Unknown,Unknown,Unknown,Unknown
Mearalis II,Outer Rim Territories,Unknown,Unknown,Unknown,Unknown,Unknown
Megalox Beta,Expansion Region,Unknown,Megalox system,Unknown,Unknown,L-15
Mek'tradi,Unknown,Unknown,Unknown,Unknown,Unknown,Unknown
Merj,Outer Rim Territories,Unknown,Unknown,Morseerians,Unknown,O-6
Merokia,Outer Rim Territories,Unknown,Unknown,Various,Unknown,J-18
Metellos,Core Worlds,Unknown,Unknown,Unknown,Unknown,Unknown
Mexeluine,Outer Rim Territories,Anoat sector,Unknown,Unknown,Unknown,Unknown
Midarr,Unknown,Unknown,Unknown,Unknown,Unknown,Unknown
Mijos,Outer Rim Territories,Anoat sector,Unknown,Unknown,Unknown,Unknown
Mikkia,Expansion Region,Unknown,Unknown,Mikkians,Unknown,M-7
Milvayne,Inner Rim Territories,Unknown,Unknown,Unknown,Unknown,L-8
Mimban,Expansion Region,Circarpous sector,Circarpous system,"Greenie,",Unknown,O-12
Minfar,Inner Rim Territories,Unknown,Unknown,Zixon,Unknown,I-13
Minntooine,Unknown,Unknown,Unknown,Unknown,Unknown,Unknown
Mirial,Outer Rim Territories,Unknown,Mirial system,Mirialans,Unknown,Q-4
Mirrin Prime,Outer Rim Territories,Mirrin sector,Mirrin system,Unknown,Unknown,P-5
Miser,Outer Rim Territories,Anoat sector,Bespin system,Unknown,Unknown,K-18
Mokivj,Outer Rim Territories,Unknown,Mokivj system,Humans,Unknown,G-16
Moldour,Outer Rim Territories,Unknown,Unknown,Unknown,Unknown,Unknown
Molos,Unknown,Unknown,Unknown,Unknown,Unknown,Unknown
Mon Cala,Outer Rim Territories,Calamari sector,Mon Calamari system,"Mon Calamari, Quarren",Mon Cala city,U-6
Mon Gazza,Mid Rim Territories,Unknown,Unknown,Unknown,Unknown,Q-16
Monta,Unknown,Unknown,Unknown,Unknown,Unknown,Unknown
Montross,Mid Rim Territories,Unknown,Montross system,Unknown,Unknown,P-8
Mooga,Mid Rim Territories,Unknown,Unknown,Moogans,Unknown,Q-7
Moorja,Unknown,Unknown,Unknown,Humans,Unknown,Unknown
Moraband,Outer Rim Territories,Esstran sector,Unknown,Unknown,Unknown,R-5
Moraga,Unknown,Unknown,Unknown,Moragans,Unknown,Unknown
Morak,Unknown,Unknown,Unknown,Unknown,Unknown,Unknown
Morellia,Unknown,Morellian Commonwealth,Unknown,Unknown,Unknown,Unknown
Morlana One,Unknown,Free Trade sector,Morlani system,Unknown,Unknown,Unknown
Mountain,Outer Rim Territories,Oplovis sector,Heaven system,Unknown,Unknown,Unknown
Mrinzebon,Unknown,Unknown,Unknown,Humans,Greater Xnapolis,Unknown
Mulita,Wild Space,Unknown,Mulita system,Drengir,Unknown,H-19
Murkhana,Outer Rim Territories,Unknown,Murkhana system,Various,Unknown,S-6
Mustafar,Outer Rim Territories,Atravis sector,Mustafar system,Mustafarians,Fralideja,L-19
Muunilinst,Outer Rim Territories,Unknown,Unknown,Muuns,Unknown,K-4
Mydasos,Unknown,Dalicron sector,Unknown,Phydolon,Unknown,Unknown
Mygeeto,Outer Rim Territories,Albarrio sector,Mygeeto system,Lurmen,Unknown,K-5
Mykapo,Outer Rim Territories,Unknown,Mykapo system,Humans,Unknown,T-7
Myomar,Expansion Region,Unknown,Unknown,Unknown,Unknown,Unknown
Naalol,Unknown,Unknown,Unknown,Humans,Unknown,L-17
Naator,Mid Rim Territories,Unknown,Unknown,Unknown,Unknown,Unknown
Naboo,Mid Rim Territories,Chommell sector,Naboo system,"Elders,","Otoh Gunga (Gungan), Theed (Human)",O-17
Nacronis,Mid Rim Territories,Unknown,Nacronis system,Unknown,Unknown,M-7
Nag Ubdur,Outer Rim Territories,Unknown,Ubdur system,"Keldar, Ubdurians",Unknown,P-7
Najan-Rovi,Mid Rim Territories,Unknown,Unknown,Unknown,Unknown,M-17
NaJedha,Mid Rim Territories,Terrabe sector,Jedha system,Unknown,Unknown,H-10
Najiba,Unknown,Unknown,Unknown,Unknown,Unknown,Unknown
Najra-Va,Unknown Regions,Sector Epsilon 51-3,Dassal system,Unknown,Unknown,H-7
Nakadia,Expansion Region,Unknown,Unknown,Nakadians,Quarrow,M-15
Nal Hutta,Outer Rim Territories,Unknown,Unknown,Various,Unknown,S-12
Nam Chorios,Outer Rim Territories,Unknown,Unknown,Unknown,Unknown,R-6
Nanth'ri,Mid Rim Territories,Unknown,Nanth'ri system,Unknown,Unknown,Q-12
Naporar,Unknown,Unknown,Unknown,Unknown,Unknown,Unknown
Nar Kanji,Outer Rim Territories,Unknown,Unknown,Jablogians,Unknown,Unknown
Naraka,Outer Rim Territories,Unknown,Unknown,Unknown,Unknown,S-7
Narq,Colonies,Unknown,Unknown,Narquois,Unknown,N-11
Navlaas,Inner Rim Territories,Unknown,Unknown,Unknown,Unknown,Unknown
Necropolis,Outer Rim Territories,Unknown,Unknown,Unknown,Unknown,H-16
Neelanon,Unknown,Unknown,Unknown,Unknown,Unknown,Unknown
Neftali,Outer Rim Territories,Unknown,Socorro system,Unknown,Unknown,Unknown
Neimoidia,Colonies,Unknown,Neimoidia system,Neimoidians,Unknown,N-10
Nelgenam,Unknown,Unknown,Unknown,Unknown,Unknown,Unknown
Nelvaan,Outer Rim Territories,Savareen sector,Unknown,Nelvaanians,Unknown,Q-16
Nepotis,Outer Rim Territories,Unknown,Unknown,Nephrans,Unknown,T-9
Neral,Core Worlds,Corellian sector,Unknown,Unknown,Unknown,Unknown
Neralus,Outer Rim Territories,Dalnan sector,Haileap system,Unknown,Unknown,Unknown
Neskar,Unknown,Unknown,Unknown,Unknown,Unknown,Unknown
Netalych,Inner Rim Territories,Unknown,Netalych system,Unknown,Unknown,N-14
Nettehi,Unknown Regions,Unknown,Unknown,Paataatus,Unknown,Unknown
Nevarro,Outer Rim Territories,Nevarro's sector,Unknown,Various,Unknown,J-19
Nimban,Hutt Space,Unknown,Unknown,Nimbanel,Unknown,S-10
Ningoth,Unknown,Unknown,Unknown,Unknown,Unknown,Unknown
Nixus,Unknown,Unknown,Unknown,Various,Unknown,P-18
Nixus,Outer Rim Territories,Dalnan sector,Haileap system,Unknown,Unknown,Unknown
Noctu,Colonies,Unknown,Unknown,Unknown,Unknown,J-13
Nooroyo,Unknown,Unknown,Unknown,Unknown,Unknown,Unknown
Nordis Prime,Mid Rim Territories,Tashtor sector,Unknown,Unknown,Unknown,Unknown
Norulac,Unknown,Unknown,Unknown,Unknown,Unknown,Unknown
Nothoiin,Outer Rim Territories,Anoat sector,Unknown,Nothoiins,Unknown,K-18
Noult,Unknown,Unknown,Unknown,Unknown,Unknown,Unknown
Numidian Prime,Mid Rim Territories,Bright Jewel sector,Numidian system,Unknown,Unknown,L-7
Nyriaan,Unknown,Unknown,Unknown,Unknown,Unknown,Unknown
N'Zoth,Core Worlds,Koornacht Cluster,Unknown,Unknown,Unknown,K-10
Oba Diah,Outer Rim Territories,Kessel sector,Kessel system,Pykes,Unknown,T-10
Obroa-skai,Inner Rim Territories,Unknown,Obroa-skai system,Unknown,Unknown,N-8
Ocahont,Unknown,Unknown,Unknown,Unknown,Unknown,Unknown
Odona,Outer Rim Territories,Unknown,Unknown,Unknown,Unknown,Q-17
Ogem,Mid Rim Territories,Unknown,Unknown,Unknown,Unknown,L-17
Ojom,Deep Core,Unknown,Unknown,Besalisk,Unknown,M-11
Oktaro,Unknown,Unknown,Unknown,Humans (Oktarians),New Tobura,Unknown
Oliu,Unknown,Unknown,Unknown,Unknown,Unknown,Unknown
Omereth,Outer Rim Territories,Unknown,Omereth system,Unknown,Unknown,U-13
Onderon,Inner Rim Territories,Japrael sector,Japrael system,Humans (Onderonian),Iziz,O-9
Onod I,Mid Rim Territories,Unknown,Unknown,Onodone,Unknown,K-17
Ontotho,Unknown,Unknown,Unknown,Unknown,Unknown,Unknown
Ool,Unknown Regions,Unknown,Unknown,Unknown,Unknown,Unknown
Oon,Outer Rim Territories,Lothal sector,Unknown,Unknown,Unknown,Unknown
Oosalon,Outer Rim Territories,Unknown,Unknown,Unknown,Unknown,U-12
Orchis,Inner Rim Territories,Unknown,Unknown,Unknown,Unknown,N-8
Ord Cestus,Outer Rim Territories,Unknown,Unknown,Unknown,Unknown,O-6
Ord Mantell,Mid Rim Territories,Bright Jewel sector,Bright Jewel system,"Falleens, Humans",Worlport,L-7
Ord Mynock,Unknown,Unknown,Ord Mynock system,Unknown,Unknown,Unknown
Ord Pardron,Mid Rim Territories,Unknown,Unknown,Unknown,Unknown,R-15
Ord Tiddell,Mid Rim Territories,Unknown,Unknown,Unknown,Unknown,Unknown
Ordo,Unknown,Unknown,Unknown,Unknown,Unknown,Unknown
Orish,Outer Rim Territories,Unknown,Unknown,Orishen,Unknown,M-17
Ornfra,Unknown Regions,Chiss Ascendancy's northeast-zenith sector,Ornfra system,Unknown,Unknown,Unknown
Orn Kios,Outer Rim Territories,Anoat sector,Unknown,Unknown,Unknown,Unknown
Orondia,Unknown,Unknown,Unknown,Unknown,Unknown,Unknown
Orra,Unknown,Unknown,Unknown,Unknown,Unknown,Unknown
Orto,Outer Rim Territories,Unknown,Unknown,Ortolans,Unknown,Unknown
Orto Plutonia,Outer Rim Territories,Sujimis sector,Pantora system,Talz,Unknown,P-19
Oru,Outer Rim Territories,Unknown,Unknown,Humans (Oruan),Unknown,L-3
Oshira,Mid Rim Territories,Unknown,Unknown,Unknown,Unknown,O-16
Osseriton,Unknown Regions,Unknown,Unknown,Unknown,Unknown,G-9
Ossus,Outer Rim Territories,Auril sector,Adega system,Ysanna,Unknown,R-6
Oulanne,Inner Rim Territories,Unknown,Unknown,Unknown,Unknown,L-14
Ovanis,Outer Rim Territories,Unknown,Unknown,"Ithorians, Trandoshans",Unknown,G-16
Pacara,Mid Rim Territories,Unknown,Unknown,Unknown,Unknown,J-14
Pagodon,Outer Rim Territories,Unknown,Unknown,Unknown,Unknown,Unknown
Pamarthe,Outer Rim Territories,Unknown,Unknown,Humans,Unknown,N-18
Pam'ba,Mid Rim Territories,Unknown,Unknown,Unknown,Unknown,H-15
Pandem Nai,Outer Rim Territories,Unknown,Pandem Nai system,Unknown,Unknown,P-6
Panisia,Outer Rim Territories,Unknown,Unknown,Unknown,Unknown,Unknown
Panna,Outer Rim Territories,Cronese Mandate,Unknown,Unknown,Unknown,S-6
Parau VI,Mid Rim Territories,Unknown,Unknown,B'ankora,Unknown,Unknown
Parein II,Unknown,Unknown,Unknown,Unknown,Unknown,Unknown
Parnassos,Unknown Regions,Unknown,Unknown,Humans,Unknown,H-6
Parwa,Unknown,Unknown,Unknown,Parwan,Unknown,Unknown
Pasaana,Expansion Region,Ombakond sector,Middian system,Aki-Aki,Unknown,O-13
Pasher,Inner Rim Territories,Unknown,Unknown,Humans,Unknown,M-14
Pastoria,Outer Rim Territories,Unknown,Unknown,Pastorians,Unknown,P-17
Patitite Pattuna,Mid Rim Territories,Unknown,Unknown,Patitites,Unknown,Unknown
Patrolia,Unknown,Unknown,Unknown,Patrolians,Unknown,L-14
Paucris Major,Unknown,Unknown,Paucris system,Unknown,Unknown,Unknown
Pendarr III,Unknown,Unknown,Unknown,Humans,Unknown,Unknown
Pergoomi,Outer Rim Territories,Albarrio sector,Mygeeto system,Unknown,Unknown,K-5
Perimako Major,Unknown,Unknown,Unknown,Unknown,Unknown,Unknown
Persis IX,Expansion Region,Unknown,Unknown,Grindalids,Unknown,L-15
Petrusia,Expansion Region,Unknown,Unknown,Petrusians,Unknown,P-12
Phateem,Inner Rim Territories,Nouane sector,Unknown,Unknown,Unknown,Unknown
Phatrong,Outer Rim Territories,Unknown,Unknown,Kyuzos,Unknown,P-6
Pheryon,Inner Rim Territories,Unknown,Unknown,Unknown,Unknown,J-8
Philaxia,Unknown,Unknown,Unknown,Unknown,Unknown,Unknown
Phindar,Outer Rim Territories,Mandalore sector,Phindar system,Phindians,Unknown,P-6
Phorsa Gedd,Mid Rim Territories,Unknown,Unknown,Unknown,Unknown,Unknown
Pii,Unknown,Unknown,Pii system,Unknown,Unknown,Unknown
Pijal,Inner Rim Territories,Unknown,Pijal system,Humans,Pijal capital city,Unknown
Pillio,Core Worlds,Unknown,Jinata system,Unknown,Unknown,Unknown
Pion,Wild Space,Unknown,Pion system,Unknown,Unknown,Unknown
Pipada,Outer Rim Territories,Unknown,Unknown,Drabatans,Unknown,M-18
Pippip 3,Outer Rim Territories,Unknown,Unknown,Unknown,Unknown,Q-4
Planet X,Unknown,Unknown,Unknown,Unknown,Unknown,Unknown
Pleknok,Unknown Regions,Unknown,Pleknok system,Unknown,Unknown,Unknown
Plexis,Core Worlds,Unknown,Unknown,Unknown,Unknown,L-13
Plin Minor,Unknown,Unknown,Unknown,Plinovians,Unknown,Unknown
Polaar,Unknown,Aubreeyan Cluster,Polaar system,Unknown,Unknown,Unknown
Polis Massa,Outer Rim Territories,Subterrel sector,Polis Massa system,"Eellayin,",Unknown,K-20
Pollillus,Unknown,Unknown,Unknown,Troig,Unknown,Unknown
Polmanar,Outer Rim Territories,Anoat sector,Unknown,Unknown,Unknown,Unknown
Polyneus,Inner Rim Territories,Unknown,Unknown,Humans (Polynean),Unknown,J-14
Ponemah Terminal,Outer Rim Territories,Unknown,Unknown,Unknown,Unknown,H-16
Pothor,Mid Rim Territories,Unknown,Unknown,Unknown,Unknown,Unknown
Prefsbelt IV,Outer Rim Territories,Unknown,Unknown,Unknown,Unknown,Unknown
Pria,Unknown,Unknown,Unknown,Unknown,Unknown,Unknown
Primea,Unknown Regions,Unknown,Primea system,Vak,Unknown,Unknown
Protobranch,Core Worlds,Unknown,Protobranch system,Bivall,Unknown,Unknown
Pujool,Outer Rim Territories,Anoat sector,Anoat system,Unknown,Unknown,Unknown
Pyra,Unknown,Unknown,Unknown,Unknown,Unknown,Unknown
Pzandias,Mid Rim Territories,Bryx sector,Unknown,Unknown,Unknown,Unknown
Qhulosk,Outer Rim Territories,Unknown,Unknown,Qhuloskians,Unknown,T-8
Qualai,Outer Rim Territories,Unknown,Unknown,Unknown,Unknown,Unknown
Quarmendy,Mid Rim Territories,Unknown,Unknown,Humans,Unknown,R-15
Quarzite,Inner Rim Territories,Unknown,Quarzite system,"Belugans, Kage",Unknown,M-13
Quell,Outer Rim Territories,Unknown,Quell system,Unknown,Unknown,Q-6
Quermia,Outer Rim Territories,Unknown,Unknown,Quermians,Unknown,S-5
Ques,Hutt Space,Unknown,Unknown,Humans,Unknown,Unknown
Quila,Unknown,Unknown,Unknown,Unknown,Unknown,Unknown
Quintil,Outer Rim Territories,Unknown,Unknown,Unknown,Unknown,Unknown
Raddan,Unknown,Unknown,Unknown,Unknown,Unknown,Unknown
Radhii,Unknown,Unknown,Unknown,"Cereans, Humans",Unknown,Unknown
Raithal,Colonies,Unknown,Unknown,Unknown,Unknown,M-9
Rajtiri,Expansion Region,Unknown,Unknown,Unknown,Unknown,P-9
Rakata Prime,Unknown Regions,Unknown,Unknown,Unknown,Unknown,G-11
Ralltiir,Core Worlds,Unknown,Unknown,Humans,Unknown,Unknown
Rango Tan,Unknown,Unknown,Unknown,Rangans,Unknown,Unknown
Rapacc,Unknown Regions,Unknown,Rapacc system,Paccosh,Boropacc,Unknown
Rattatak,Outer Rim Territories,Unknown,Unknown,Various,Unknown,H-16
Raxus Prime,Outer Rim Territories,Tion Hegemony,Raxus system,Unknown,Unknown,S-5
Raxus Secundus,Outer Rim Territories,Tion Hegemony,Raxus system,Various,Raxulon,S-5
Raydonia,Outer Rim Territories,Unknown,Unknown,Humans,Unknown,O-6
Raysho,Core Worlds,Unknown,Hosnian system,Unknown,Unknown,M-12
Reamma,Outer Rim Territories,Unknown,Unknown,Unknown,Unknown,Unknown
Reerez,Outer Rim Territories,Albarrio sector,Mygeeto system,Unknown,Unknown,Unknown
Refnu,Outer Rim Territories,Unknown,Refnu system,Nefrians,Unknown,N-5
Rekkana,Unknown,Unknown,Unknown,Rekk,Unknown,Unknown
Rendel,Unknown,Unknown,Kiva system,Unknown,Unknown,Unknown
Rendili,Core Worlds,Unknown,Unknown,Unknown,Unknown,M-11
Rentor,Unknown Regions,Unknown,Unknown,Unknown,Unknown,Unknown
Retta,Wild Space,Unknown,Unknown,Unknown,Unknown,Unknown
Rhen Var,Outer Rim Territories,Unknown,Unknown,Unknown,Unknown,R-6
Rhigar,Unknown Regions,Unknown,Rhigal system,Chiss,Unknown,Unknown
Rhinnal,Unknown,Unknown,Unknown,Unknown,Unknown,Unknown
Ridlay,Unknown,Unknown,Unknown,Unknown,Unknown,Unknown
Riflor,Mid Rim Territories,Unknown,Unknown,Advozse,Unknown,J-16
Rina Major,Outer Rim Territories,Unknown,Unknown,Blarina,Unknown,I-17
Ringo Vinda,Mid Rim Territories,Unknown,Unknown,Humans,Unknown,R-7
Rinn,Outer Rim Territories,Unknown,Unknown,Humans,Unknown,U-12
Rion,Outer Rim Territories,Unknown,Unknown,Unknown,Unknown,Unknown
Rior,Unknown,Unknown,Unknown,Unknown,Unknown,Unknown
Riosa,Inner Rim Territories,Unknown,Unknown,Unknown,Unknown,J-8
Rishi,Outer Rim Territories,Abrion sector,Rishi system,Unknown,Unknown,S-15
Risso,Expansion Region,Unknown,Unknown,Unknown,Unknown,N-14
Rodia,Outer Rim Territories,Savareen sector,Tyrius system,Rodians,Unknown,R-16
Rohm,Unknown,Unknown,Unknown,Unknown,Unknown,Unknown
Ronika,Deep Core,Koros sector,Empress Teta system,Unknown,Unknown,L-10
Routh,Unknown,Unknown,Unknown,Unknown,Unknown,Unknown
Rumitaka,Outer Rim Territories,Unknown,Five Points system,Unknown,Unknown,Unknown
Ruoss Minor,Unknown,Unknown,Unknown,Unknown,Unknown,Unknown
Rushan IX,Unknown,Unknown,Unknown,Trawaki,Unknown,Unknown
Ruusan,Mid Rim Territories,Teraab sector,Ruusan system,Ruusanian,Unknown,P-11
Rylorii Minor,Western Reaches,Unknown,Unknown,Unknown,Unknown,Unknown
Ryloth,Outer Rim Territories,Gaulus sector,Ryloth system,Twi'leks,Lessu,R-17
Rystan,Outer Rim Territories,Unknown,Unknown,Unknown,Unknown,M-20
Safrifa,Outer Rim Territories,Unknown,Unknown,Safrifans,Unknown,Unknown
Saki,Outer Rim Territories,Unknown,Unknown,Sakiyans,Unknown,S-11
Saleucami,Outer Rim Territories,Suolriep sector,Saleucami system,"Humans, Twi'leks",Unknown,S-8
Salient I,Outer Rim Territories,Corporate Sector,Salient system,Various,Unknown,R-3
Salient II,Outer Rim Territories,Corporate Sector,Salient system,Various,Unknown,R-3
Salliche,Core Worlds,Unknown,Unknown,Sallichens,Unknown,K-10
Sammun,Outer Rim Territories,Batonn sector,Unknown,Unknown,Unknown,Unknown
Samovar,Western Reaches,Unknown,Unknown,Unknown,Unknown,I-18
Sanjin,Unknown,Unknown,Unknown,Unknown,Unknown,Unknown
Sarka,Mid Rim Territories,Unknown,Unknown,Sarkans,Unknown,Q-8
Sarrish,Outer Rim Territories,Unknown,Unknown,Unknown,Unknown,Unknown
Sarvchi,Unknown Regions,Chiss Ascendancy's southeast sectors,Sarvchi system,Unknown,Unknown,Unknown
Satotai,Outer Rim Territories,Unknown,Five Points system,Unknown,Unknown,Unknown
Savareen,Outer Rim Territories,Savareen sector,Savareen system,Humans (Savarian),Unknown,Unknown
Scarif,Outer Rim Territories,Abrion sector,Scarif system,Humans,Unknown,S-15
Schesa,Unknown Regions,Unknown,Unknown,Unknown,Unknown,Unknown
Scipio,Outer Rim Territories,Albarrio sector,Albarrio system,"Humans, Muuns",Unknown,Unknown
Secundus Ando,Mid Rim Territories,Unknown,Unknown,Harch,Unknown,Unknown
Sedri,Outer Rim Territories,Periphery,Sedri system,Unknown,Unknown,Unknown
Sedri Minor,Outer Rim Territories,Periphery,Sedri system,Various,Unknown,Unknown
Seelos,Outer Rim Territories,Kwymar sector,Seelos system,Humans (clones),Unknown,Q-4
Segra Milo,Unknown,Unknown,Unknown,Unknown,Unknown,Unknown
Selonia,Core Worlds,Corellian sector,Corellia system,Selonians,Unknown,M-11
Sembla,Outer Rim Territories,Mahrusha sector,Unknown,Vurk,Unknown,S-5
Serelia,Mid Rim Territories,Unknown,Unknown,Unknown,Unknown,J-16
Serenno,Outer Rim Territories,D'Astan sector,Serenno system,Humans (Serennian),Unknown,P-5
Sergia,Inner Rim Territories,Unknown,Unknown,Unknown,Unknown,J-15
Serralonis,Unknown,Unknown,Unknown,Unknown,Unknown,Unknown
Sesid,Outer Rim Territories,Corva sector,Sesid system,Draedans,Unknown,P-4
Setor,Unknown,Unknown,Unknown,Unknown,Unknown,Unknown
Sevarcos,Outer Rim Territories,Unknown,Unknown,Unknown,Unknown,N-19
Seylott,Outer Rim Territories,Unknown,Unknown,Unknown,Unknown,Unknown
Sha Qarot,Deep Core,Unknown,Sha Qarot system,Unknown,Unknown,Unknown
Shadda-Bi-Boran,Outer Rim Territories,Unknown,Unknown,Unknown,Unknown,O-18
Shantipole,Mid Rim Territories,Unknown,Unknown,Mon Calamari,Unknown,Q-8
Shihon,Unknown Regions,Unknown,Unknown,Unknown,Unknown,Unknown
Shili,Expansion Region,Unknown,Shili system,Togruta,Unknown,L-8
Shownar,Unknown,Unknown,Unknown,Unknown,Unknown,Unknown
Shuraden,Outer Rim Territories,Unknown,Unknown,Ximpi,Unknown,I-18
Shu-Torun,Mid Rim Territories,Unknown,Unknown,Humans,Unknown,J-7
Sibensko,Expansion Region,Unknown,Unknown,"Humans, Nikto",Unknown,L-15
Sirpar,Unknown,Unknown,Unknown,Humans,Unknown,Unknown
Sissubo,Core Worlds,Bormea sector,Chandrila system,Unknown,Unknown,L-9
Skako,Core Worlds,Unknown,Unknown,Skakoans,Unknown,L-9
Skako Minor,Unknown,Unknown,Unknown,"Poletecs, Skakoans",Unknown,Unknown
Skaradosh,Inner Rim Territories,Unknown,Unknown,Unknown,Unknown,N-13
Skorii-Lei,Unknown,Unknown,Unknown,Humans,Unknown,Unknown
Skuhl,Outer Rim Territories,Unknown,Unknown,Unknown,Unknown,R-5
Sleheyron,Hutt Space,Unknown,Unknown,Unknown,Unknown,S-10
Soika,Unknown,Unknown,Unknown,Soikans,Unknown,Unknown
Solitair,Unknown Regions,Unknown,Unknown,Garwians,Unknown,Unknown
Son-tuul,Outer Rim Territories,Albarrio sector,Unknown,Various,Unknown,J-4
Sorgal 12,Unknown,Unknown,Unknown,Unknown,Unknown,Unknown
Sorgan,Outer Rim Territories,Unknown,Unknown,Unknown,Unknown,Unknown
Spalex,Outer Rim Territories,Dantus sector,Unknown,Unidentified species,Unknown,J-6
Spintir,Unknown,Unknown,Unknown,Unknown,Unknown,Unknown
Spira,Unknown,Unknown,Unknown,Unknown,Unknown,Unknown
Sposia,Unknown,Unknown,Unknown,Chiss,Unknown,Unknown
Sran,Outer Rim Territories,Ash Worlds,Unknown,Unknown,Unknown,Unknown
Sriluur,Outer Rim Territories,Unknown,Unknown,Weequays,Unknown,S-8
Sterdic IV,Unknown,Unknown,Unknown,Unidentified species,Sterdic IV's capital city,P-17
Stewjon,Unknown,Unknown,Unknown,Unknown,Unknown,Unknown
Stivic,Unknown Regions,Unknown,Unknown,Garwians,Unknown,Unknown
Stobar,Outer Rim Territories,Unknown,Unknown,Unknown,Unknown,M-15
Strokill Prime,Outer Rim Territories,Unknown,Unknown,Unknown,Unknown,U-6
Sturg Ganna's homeworld,Unknown,Unknown,Unknown,Whippomorn,Unknown,Unknown
Stygeon Prime,Outer Rim Territories,Nuiri sector,Stygeon system,Unknown,Unknown,Q-6
Suba,Unknown,Unknown,Unknown,Unknown,Unknown,Unknown
Subterrel,Outer Rim Territories,Unknown,Unknown,Unknown,Unknown,L-20
Sullust,Outer Rim Territories,Sullust sector,Sullust system,Sullustans,Pinyumb,M-17
Sunrise,Unknown Regions,Unknown,Sunrise system,The Magys's people,Unknown,Unknown
Sy Myrth,Outer Rim Territories,Unknown,Unknown,Unknown,Unknown,S-7
Synjax,Unknown,Unknown,Unknown,Unknown,Unknown,Unknown
Taanab,Inner Rim Territories,Unknown,Taanab system,Unknown,Unknown,O-8
Tah'Nuhna,Mid Rim Territories,Unknown,Unknown,Tah'Nuhna,Unknown,Q-14
Tais Brabbo,Unknown,Unknown,Unknown,Unknown,Unknown,Unknown
Takobo,Outer Rim Territories,Unknown,Unknown,Ithorians,Takobo City,N-6
Takodana,Mid Rim Territories,Tashtor sector,Takodana system,Unknown,Unknown,J-16
Taloraan,Unknown,Unknown,Unknown,Unknown,Unknown,Unknown
Talus,Core Worlds,Corellian sector,Corellia system,Unknown,Unknown,M-11
Tammuz-an,Outer Rim Territories,Unknown,Unknown,Unknown,Unknown,T-14
Tamsye Prime,Outer Rim Territories,Unknown,Tamsye Prime system,Unknown,Unknown,Unknown
Tangenine,Core Worlds,Unknown,Unknown,Unknown,Unknown,Unknown
Tansyl 5,Mid Rim Territories,Unknown,Unknown,Frigosian,Unknown,O-16
Taris,Outer Rim Territories,Unknown,Taris system,"Humans,",Unknown,N-7
Tarsunt,Mid Rim Territories,Bothan Space,Tarsunt system,Tarsunts,Unknown,T-14
Tatooine,Outer Rim Territories,Arkanis sector,Tatoo system,"Jawas, Tusken Raiders,",Unknown,R-16
Taul,Outer Rim Territories,Unknown,Unknown,Unknown,Unknown,J-18
Taw Provode,Unknown,Unknown,Taw Provode system,Unknown,Unknown,Unknown
Tehar,Outer Rim Territories,Unknown,Unknown,Humans,Unknown,I-7
Tei-Untis,Unknown,Unknown,Unknown,Zabraks,Unknown,Unknown
Telerath,Inner Rim Territories,Nouane sector,Telerath system,Various,Unknown,Unknown
Temako,Outer Rim Territories,Unknown,Unknown,Unknown,Unknown,Unknown
Tepasi,Core Worlds,Unknown,Unknown,Humans,Unknown,L-9
Teralov,Unknown,Unknown,Unknown,Unknown,Unknown,Unknown
Teth,Wild Space,Baxel sector,Teth system,Hutts,Unknown,U-12
Tevel,Outer Rim Territories,Unknown,Unknown,Tevellans,Unknown,J-5
Thabeska,Outer Rim Territories,Unknown,Thabeska system,Unknown,Unknown,O-5
Thelj,Unknown,Unknown,Unknown,Unknown,Unknown,Unknown
Therezar,Unknown,Unknown,Therezar system,Unknown,Unknown,Unknown
Theron,Unknown,Unknown,Theron system,Unknown,Unknown,Unknown
Thisspias,Expansion Region,Unknown,Unknown,Thisspiasians,Unknown,O-8
Tholoth,Colonies,Unknown,Tholoth system,Tholothians,Unknown,Unknown
Thorat IX,Outer Rim Territories,Unknown,Unknown,Unknown,Unknown,Unknown
Thrad,Unknown,Unknown,Unknown,Thradians,Unknown,Unknown
Throffdon,Inner Rim Territories,Unknown,Throffdon system,Unknown,Unknown,J-9
Thunder,Outer Rim Territories,Oplovis sector,Heaven system,Unknown,Unknown,Unknown
Thune,Wild Space,Unknown,Unknown,Various,Unknown,I-18
Thustra,Expansion Region,Unknown,Thustra system,Unknown,Unknown,O-7
Thyferra,Inner Rim Territories,Unknown,Unknown,Vratix,Unknown,L-14
Tibrin,Mid Rim Territories,Hadar sector,Unknown,Ishi Tib,Tibrina,L-18
Tierfon,Mid Rim Territories,Unknown,Unknown,Unknown,Unknown,Unknown
Tiferep Major,Mid Rim Territories,Unknown,Unknown,Unknown,Unknown,L-17
Tiikae,Unknown,Unknown,Unknown,Various,Unknown,Unknown
Tinnel IV,Core Worlds,Unknown,Unknown,Humans,Val Denn,M-12
Tinoon,Outer Rim Territories,Anoat sector,Unknown,Unknown,Unknown,Unknown
Tish,Unknown,Unknown,Unknown,Unknown,Unknown,Unknown
Tokmia,Outer Rim Territories,Anoat sector,Unknown,Unknown,Unknown,Unknown
Toledian,Mid Rim Territories,Unknown,Unknown,Unknown,Unknown,I-16
Toola,Outer Rim Territories,Unknown,Unknown,Whiphids,Unknown,S-5
Toprawa,Outer Rim Territories,Unknown,Unknown,Unknown,Unknown,P-5
Torrenoteer Minor,Unknown,Unknown,Torrenoteer system,Unknown,Unknown,Unknown
Touksingal,Unknown,Unknown,Unknown,Unknown,Unknown,Unknown
Toydaria,Mid Rim Territories,Hutt Space,Toydaria system,Toydarians,Unknown,R-11
Tralus,Core Worlds,Corellian sector,Corellia system,Unknown,Unknown,M-11
Trandosha,Mid Rim Territories,Mytaranor sector,Kashyyyk system,Trandoshans,Unknown,P-9
Trasse,Mid Rim Territories,Unknown,Unknown,Unknown,Unknown,Unknown
Triffis,Mid Rim Territories,Unknown,Unknown,Unknown,Unknown,O-15
Trionak,Outer Rim Territories,"Kiax Nebula, Anoat sector",Unknown,Unknown,Unknown,Unknown
Trivar II,Outer Rim Territories,Unknown,Unknown,Unknown,Unknown,Unknown
Troiken,Outer Rim Territories,Unknown,Unknown,Xexto,Unknown,S-5
Troithe,Deep Core,Unknown,Cerberon system,Unknown,Unknown,L-10
Trymant IV,Outer Rim Territories,Unknown,Trymant system,Various,Unknown,L-20
Tsevuka,Outer Rim Territories,Unknown,Unknown,Tsevukans,Unknown,M-6
Tund,Outer Rim Territories,Centrality,Tund system,Toongs,Unknown,U-8
Tureen VII,Outer Rim Territories,Unknown,Unknown,Unknown,Unknown,K-19
Turkana,Outer Rim Territories,Unknown,Unknown,Unknown,Unknown,Unknown
Twon Ketee,Unknown,Unknown,Unknown,Unknown,Unknown,Unknown
Tyegin,Unknown,Unknown,Unknown,Various,Unknown,Unknown
Tynna,Expansion Region,Unknown,Unknown,Tynnans,Unknown,N-14
Tython,Deep Core,Unknown,Tython system,Unknown,Unknown,L-10
Uba IV,Mid Rim Territories,Barsa sector,Uba system,Ubese,Unknown,J-6
Ubardia,Colonies,Unknown,Unknown,Humans,Unknown,N-12
Uchinao,Outer Rim Territories,Unknown,Five Points system,Unknown,Unknown,Unknown
Ukio,Outer Rim Territories,Abrion sector,Unknown,Ukians,Unknown,S-15
Umbara,Expansion Region,Ghost Nebula sector,Umbara system,Umbarans,Umbaran capital city,P-10
Umme,Outer Rim Territories,Unknown,Unknown,Unknown,Unknown,Unknown
Unidentified agricultural planet,Unknown,Unknown,Unknown,Unknown,Unknown,Unknown
Unidentified backwater icy planet,Unknown,Unknown,Unknown,Unknown,Unknown,Unknown
Unidentified city planet,Unknown,Unknown,Unknown,Unknown,Unknown,Unknown
Unidentified desert planet,Unknown,Unknown,Unknown,Unknown,Unknown,Unknown
Unidentified forest planet,Unknown,Unknown,Unknown,Unknown,Unknown,Unknown
Unidentified Gank homeworld,Outer Rim Territories,Hutt Space,Unknown,Ganks,Unknown,Unknown
Unidentified gas giant (Sentinel Base),Outer Rim Territories,Arkanis sector,Sentinel Base system,Unknown,Unknown,Unknown
Unidentified green planet,Unknown,Unknown,Unknown,Unknown,Unknown,Unknown
Unidentified jungle planet,Unknown,Unknown,Unknown,Unknown,Unknown,Unknown
Unidentified lava planet,Unknown,Unknown,Unknown,Unknown,Unknown,Unknown
Unidentified night world,Unknown,Unknown,Unknown,Unknown,Unknown,Unknown
Unidentified ocean planet,Unknown,Unknown,Unknown,Unidentified aquatic species,Unknown,Unknown
Unidentified Outer Rim planet (Jenra),Outer Rim Territories,Unknown,Unknown,Unknown,Unknown,Unknown
Unidentified Outer Rim planet (Jul Jerjerrod),Outer Rim Territories,Unknown,Unknown,Unknown,Unknown,Unknown
Unidentified Outer Rim planet (Slitherette),Outer Rim Territories,Unknown,Unknown,Unknown,Unknown,Unknown
Unidentified planet (Bylsma),Unknown,Unknown,Unknown,Unknown,Unknown,Unknown
Unidentified planet (Cora Vessora),Unknown,Unknown,Unknown,Unknown,Unknown,Unknown
Unidentified planet (Dene Gois Cluster),Unknown,Unknown,Dene Gois Cluster,Unknown,Unknown,Unknown
Unidentified planet (Dragon Void Run),Unknown,Unknown,Unknown,Unknown,Unknown,Unknown
Unidentified planet (Drengir),Unknown,Unknown,Unknown,Drengir,Unknown,Unknown
Unidentified planet (droid uprising),Wild Space,Unknown,Unknown,Unknown,Unknown,Unknown
Unidentified planet (Eeth Koth),Unknown,Unknown,Unknown,Unknown,Unknown,Unknown
Unidentified planet (Emil Graf),Wild Space,Unknown,Unknown,Unknown,Unknown,Unknown
Unidentified planet (Freidal),Unknown,Unknown,Unknown,Unknown,Unknown,Unknown
Unidentified planet (Han Solo),Unknown,Unknown,Unknown,Unknown,Unknown,Unknown
Unidentified planet (Havoc Outpost),Outer Rim Territories,Unknown,Unknown,Unknown,Unknown,Unknown
Unidentified planet (Horizon Base),Outer Rim Territories,Unknown,Unknown,Unknown,Unknown,Unknown
Unidentified planet (Ilum system),Unknown Regions,7G sector,Ilum system,Unknown,Unknown,Unknown
Unidentified planet (Jaxxon),Unknown,Unknown,Unknown,Unknown,Unknown,Unknown
Unidentified planet (Kanina Nico),Unknown,Unknown,Huru system,Humans,Unknown,Unknown
Unidentified planet (Klikklak),Unknown,Unknown,Unknown,Unknown,Unknown,Unknown
Unidentified planet (Lexim),Unknown,Unknown,Unknown,Unknown,Unknown,Unknown
Unidentified planet (Live islands),Unknown,Unknown,Unknown,Unknown,Unknown,Unknown
Unidentified planet (Lupr'or),Unknown,Unknown,Unknown,Lupr'or,Unknown,Unknown
Unidentified planet (Magna Tolvan),Outer Rim Territories,Unknown,Unknown,Unknown,Unknown,Unknown
Unidentified planet (Monsua Nebula),Outer Rim Territories,Moddell sector,Monsua Nebula,Unknown,Unknown,Unknown
Unidentified planet (Neijaian),Unknown,Unknown,Unknown,Unidentified species,Unknown,Unknown
Unidentified planet (Nes Ukul),Unknown,Unknown,Unknown,Unidentified species,Unknown,Unknown
Unidentified planet (Outer Rim Territories),Outer Rim Territories,Unknown,Thabeska system,Unknown,Unknown,Unknown
Unidentified planet (Poe Dameron),Unknown,Unknown,Unknown,Unknown,Unknown,Unknown
Unidentified planet (Raada),Outer Rim Territories,Unknown,Unknown,Unknown,Unknown,Unknown
Unidentified planet (sabacc),Unknown,Unknown,Unknown,Unknown,Unknown,Unknown
Unidentified planet (Sunshi system),Unknown,Unknown,Sunshi system,Unknown,Unknown,Unknown
Unidentified planet (Tholme and Ventress),Unknown,Unknown,Unknown,Unknown,Unknown,Unknown
Unidentified planet (Thrawn's exile),Wild Space,Unknown,Unknown,Unknown,Unknown,Unknown
Unidentified planet (Vagadarr system),Unknown,Unknown,Vagadarr system,Unknown,Unknown,Unknown
Unidentified purple gas giant,Unknown,Unknown,Unidentified star system,Unknown,Unknown,Unknown
Unidentified ringed planet,Unknown,Regani sector,Unknown,Unknown,Unknown,Unknown
Unidentified Snee homeworld,Unknown,Unknown,Unknown,Unknown,Unknown,Unknown
Unidentified Squamatan homeworld,Unknown,Unknown,Unknown,Squamatans,Unknown,Unknown
Unidentified uninhabited volcanic planet,Unknown,Unknown,Unidentified volcanic planet system,Unknown,Unknown,Unknown
Uquine,Colonies,Unknown,Unknown,Humans,Unknown,Unknown
Urajab,Expansion Region,Unknown,Unknown,Unknown,Unknown,L-16
Urch,Unknown Regions,Unknown,Urch system,Urchiv-ki,Unknown,Unknown
Uro,Unknown,Unknown,Unknown,Unidentified species,Unknown,Unknown
Ushruu,Expansion Region,Unknown,Unknown,Unknown,Unknown,O-13
Utapau,Outer Rim Territories,Tarabba sector,Utapau system,"Amani,",Pau City,N-19
Uvena Prime,Outer Rim Territories,Unknown,Uvena system,Shistavanens,Unknown,M-18
Uyter,Mid Rim Territories,Unknown,Unknown,Humans,Central City,P-9
Vaal,Unknown,Unknown,Unknown,Unknown,Unknown,Unknown
Valahari,Unknown,Unknown,Unknown,Unknown,Unknown,Unknown
Vallt,Outer Rim Territories,Unknown,Unknown,Valltii,Unknown,P-17
Valo,Outer Rim Territories,Rseik sector,Valo system,Various,Lonisa City,Unknown
Valron,Unknown,Unknown,Unknown,Unknown,Unknown,Unknown
Valtos,Unknown,Unknown,Unknown,Unknown,Unknown,Unknown
Vandor,Mid Rim Territories,Sloo sector,Unknown,Unknown,Unknown,P-14
Vanqor,Outer Rim Territories,Unknown,Vanqor system,Unknown,Unknown,Unknown
Vardos,Core Worlds,Unknown,Jinata system,"Aqualish, Humans",Kestro,K-9
Varkana,Outer Rim Territories,Unknown,Varkana system,Unknown,Unknown,O-6
Varnak,Mid Rim Territories,Unknown,Unknown,Unknown,Unknown,Unknown
Var-Shaa,Mid Rim Territories,Unknown,Unknown,Unknown,Unknown,Unknown
Vashka,Outer Rim Territories,Unknown,Unknown,Unknown,Unknown,Q-17
Vassek,Outer Rim Territories,Wazta sector,Vassek system,Unknown,Unknown,I-17
Vavarna,Unknown,Unknown,Unknown,Unknown,Unknown,Unknown
Velusia,Unknown,Unknown,Velusia system,Velusians,Unknown,Unknown
Vendaxa,Expansion Region,Unknown,Unknown,Unknown,Unknown,O-14
Vernid,Outer Rim Territories,Unknown,Unknown,Unknown,Unknown,M-4
Veros,Unknown,Unknown,Unknown,Verosians,Unknown,Unknown
Vertseth,Unknown,Unknown,Unknown,Unknown,Unknown,Unknown
Verzan,Deep Core,Unknown,Cerberon system,Unknown,Unknown,Unknown
Vespaara,Outer Rim Territories,Unknown,Unknown,Unknown,Unknown,S-8
Vetine,Inner Rim Territories,Merrick sector,Unknown,Unknown,Unknown,L-14
Viamarr,Unknown,Unknown,Unknown,Unknown,Unknown,Unknown
Vincorba,Expansion Region,Unknown,Unknown,Unknown,Unknown,Unknown
Vir Aphshire,Unknown,Unknown,Unknown,Unknown,Unknown,Unknown
Virujansi,Unknown,Unknown,Unknown,Humans,Unknown,Unknown
Vixnix,Mid Rim Territories,Unknown,Unknown,Unknown,Unknown,I-7
Vjun,Outer Rim Territories,Unknown,Unknown,Unknown,Unknown,Q-6
Vlemoth Port,Outer Rim Territories,Instrop sector,Vlemoth Port system,Unknown,Unknown,Unknown
Vodran,Hutt Space,Si'Klaata Cluster,Unknown,Vodrans,Unknown,S-9
Vorlag,Outer Rim Territories,Unknown,Unknown,Vorlaggn,Unknown,P-18
Vorzyd V,Outer Rim Territories,Vorzyd sector,Unknown,Unknown,Unknown,Unknown
Vrant Tarnum,Unknown,Unknown,Stygmarn system,Unknwon,Unknown,Unknown
Vrogas Vas,Outer Rim Territories,Unknown,Unknown,Humans,Unknown,O-19
Vulpter,Deep Core,Unknown,Unknown,Unknown,Unknown,L-10
Vurdon Ka,Inner Rim Territories,Unknown,Unknown,Vuvrians,Unknown,M-9
Vyndal,Unknown,Unknown,Unknown,Unidentified species,Unknown,Unknown
Wadi Raffa,Outer Rim Territories,Unknown,Unknown,Unknown,Unknown,M-20
Warlentta,Mid Rim Territories,Unknown,Warlentta system,Humans,Unknown,M-7
Watassay,Outer Rim Territories,Unknown,Five Points system,Unknown,Unknown,Unknown
Water,Outer Rim Territories,Oplovis sector,Heaven system,Unknown,Unknown,Unknown
Wecacoe,Colonies,Unknown,Unknown,Various,Unknown,K-13
Weik,Wild Space,Unknown,Weik system,Various,Vossport,Unknown
Wellspring of Life,Deep Core,Unknown,Unknown,Midi-chlorians,Unknown,Unknown
Weyland,Mid Rim Territories,Unknown,Unknown,Unknown,Unknown,N-7
Whiforla II,Unknown,Unknown,Unknown,Whiforlans,Unknown,Unknown
Wick 111,Outer Rim Territories,Unknown,Unknown,Wickwar,Unknown,S-16
Wind,Outer Rim Territories,Oplovis sector,Heaven system,Unknown,Unknown,Unknown
Wobani,Mid Rim Territories,Bryx sector,Wobani system,Humans,Unknown,R-8
Wrea,Outer Rim Territories,Unknown,Unknown,Wreans,Unknown,S-17
Wynkahthu,Mid Rim Territories,Unknown,Unknown,Unknown,Unknown,L-7
Xais,Outer Rim Territories,Rocun Cluster,Unknown,Unknown,Unknown,Unknown
Xala,Wild Space,Unknown,Xala system,Unknown,Unknown,H-14
Xendek,Unknown,Unknown,Unknown,Xendekians,Unknown,Unknown
Xibariz,Inner Rim Territories,Unknown,Unknown,Unknown,Unknown,O-9
Xirl,Wild Space,Unknown,Unknown,Unknown,Unknown,O-20
Xorrn,Outer Rim Territories,Ferra sector,Xorrn system,Unknown,Unknown,Unknown
Yabol Opa,Colonies,Unknown,Unknown,Unknown,Unknown,M-9
Yaga Minor,Outer Rim Territories,Unknown,Unknown,Unknown,Unknown,K-5
Yag'Dhul,Inner Rim Territories,Unknown,Unknown,Givin,Unknown,L-14
Yakorki,Outer Rim Territories,Unknown,Unknown,Unknown,Unknown,Unknown
Yar Togna,Outer Rim Territories,Unknown,Unknown,Tognath,Unknown,P-18
Yarma,Outer Rim Territories,Unknown,Yarma system,Unknown,Unknown,T-8
Yavin Prime,Outer Rim Territories,Gordian Reach,Yavin system,Unknown,Unknown,P-6
Yeksom,Outer Rim Territories,Unknown,Unknown,Unknown,Unknown,Unknown
Yerbana,Outer Rim Territories,Savareen sector,Unknown,Unknown,Unknown,Q-17
Ylesia,Outer Rim Territories,Unknown,Unknown,Unknown,Unknown,T-12
Yotch,Unknown,Unknown,Unknown,Unknown,Unknown,Unknown
Yoturba,Mid Rim Territories,Unknown,Unknown,Unknown,Unknown,Unknown
Yout,Unknown,Unknown,Yout system,Unknown,Unknown,Unknown
Yungbrii,Mid Rim Territories,Unknown,Opalok system,Humans,Unknown,Unknown
Zaadja,Outer Rim Territories,Savareen sector,Unknown,Unknown,Unknown,Unknown
Zastiga,Outer Rim Territories,Unknown,Unknown,Unknown,Unknown,K-20
Zav Alox,Unknown,Unknown,Unknown,Aloxian,Unknown,Unknown
Zeffo,Outer Rim Territories,Unknown,Zeffo system,Zeffo,Unknown,M-3
Zeitooine,Inner Rim Territories,Unknown,Unknown,Unknown,Unknown,Unknown
Zhanox,Outer Rim Territories,Anoat sector,Zhanox system,Ugnaughts,Unknown,K-18
Zoh,Unknown,Unknown,Unknown,Unknown,Unknown,Unknown
Zolan,Mid Rim Territories,Lambda sector,Unknown,Clawdites,Unknown,P-16
Zoph,Outer Rim Territories,Unknown,Unknown,Unknown,Unknown,Unknown
Zygerria,Outer Rim Territories,Chorlian sector,Zygerria system,Zygerrians,Unknown,S-4
Zyzar,Unknown,Unknown,Unknown,Unknown,Unknown,Unknown
Zyzek,Unknown Regions,Unknown,Zyzek system,Unknown,Unknown,Unknown
